[
  {
    "id" : "CreateNhiPatient",
    "type" : "StructureDefinition",
    "url" : "http://hl7.org.nz/fhir/StructureDefinition/CreateNhiPatient",
    "version" : "1.3.0",
    "name" : "CreateNhiPatient"
  },
  {
    "id" : "NhiAddress",
    "type" : "StructureDefinition",
    "url" : "http://hl7.org.nz/fhir/StructureDefinition/NhiAddress",
    "version" : "1.3.0",
    "name" : "NhiAddress"
  },
  {
    "id" : "NhiPatient",
    "type" : "StructureDefinition",
    "url" : "http://hl7.org.nz/fhir/StructureDefinition/NhiPatient",
    "version" : "1.3.0",
    "name" : "NhiPatient"
  },
  {
    "id" : "birth-place",
    "type" : "StructureDefinition",
    "url" : "http://hl7.org.nz/fhir/StructureDefinition/birth-place",
    "version" : "1.3.0",
    "name" : "BirthPlace"
  },
  {
    "id" : "gender-original-text",
    "type" : "StructureDefinition",
    "url" : "http://hl7.org.nz/fhir/StructureDefinition/gender-original-text",
    "version" : "1.3.0",
    "name" : "OriginalText"
  },
  {
    "id" : "name-use-extra",
    "type" : "StructureDefinition",
    "url" : "http://hl7.org.nz/fhir/StructureDefinition/name-use-extra",
    "version" : "1.3.0",
    "name" : "NameUseExtra"
  },
  {
    "id" : "nhi-address-derived",
    "type" : "StructureDefinition",
    "url" : "http://hl7.org.nz/fhir/StructureDefinition/nhi-address-derived",
    "version" : "1.3.0",
    "name" : "NhiAddressDerived"
  },
  {
    "id" : "not-validated-address-reason",
    "type" : "StructureDefinition",
    "url" : "http://hl7.org.nz/fhir/StructureDefinition/not-validated-address-reason",
    "version" : "1.3.0",
    "name" : "NotValidatedAddressReason"
  },
  {
    "id" : "address-id",
    "type" : "StructureDefinition",
    "url" : "http://hl7.org.nz/fhir/StructureDefinition/nz-address-id",
    "version" : "1.3.0",
    "name" : "NzAddressId"
  },
  {
    "id" : "NhiCapabilityStatement",
    "type" : "CapabilityStatement",
    "url" : "http://hl7.org.nz/fhir/ig/nhi/CapabilityStatement/NhiCapabilityStatement",
    "version" : "1.3.0"
  },
  {
    "id" : "hl7.org.nz.fhir.ig.nhi",
    "type" : "ImplementationGuide",
    "url" : "http://hl7.org.nz/fhir/ig/nhi/ImplementationGuide/hl7.org.nz.fhir.ig.nhi",
    "version" : "1.3.0",
    "name" : "NewZealandNHIIG"
  },
  {
    "id" : "PatientModel",
    "type" : "StructureDefinition",
    "url" : "http://hl7.org.nz/fhir/ig/nhi/StructureDefinition/PatientModel",
    "version" : "1.3.0",
    "name" : "PatientModel"
  },
  {
    "id" : "createNhiPatientOperationDefinition",
    "type" : "OperationDefinition",
    "url" : "https://nhi-ig.hip.digital.health.nz/OperationDefinition/create-nhi-patient",
    "version" : "1.3.0",
    "name" : "Create Patient"
  },
  {
    "id" : "nhi-contact-point-system-code-1.0",
    "type" : "ValueSet",
    "url" : "https://nzhts.digital.health.nz/fhir/ValueSet/nhi-contact-point-system-code",
    "version" : "1.3.0",
    "name" : "NhiContactPointSystem"
  },
  {
    "id" : "nhi-contactpoint-use",
    "type" : "ValueSet",
    "url" : "https://nzhts.digital.health.nz/fhir/ValueSet/nhiContactUseType",
    "version" : "1.3.0",
    "name" : "NhiContactPointUse"
  }
]
