[
  {
    "id": "NhiAddress",
    "type": "StructureDefinition",
    "url": "http://hl7.org.nz/fhir/StructureDefinition/NhiAddress",
    "version": "1.0.2",
    "name": "NhiAddress"
  },
  {
    "id": "NhiPatient",
    "type": "StructureDefinition",
    "url": "http://hl7.org.nz/fhir/StructureDefinition/NhiPatient",
    "version": "1.0.2",
    "name": "NhiPatient"
  },
  {
    "id": "birth-place",
    "type": "StructureDefinition",
    "url": "http://hl7.org.nz/fhir/StructureDefinition/birth-place",
    "version": "1.0.2",
    "name": "BirthPlace"
  },
  {
    "id": "gender-original-text",
    "type": "StructureDefinition",
    "url": "http://hl7.org.nz/fhir/StructureDefinition/gender-original-text",
    "version": "1.0.2",
    "name": "OriginalText"
  },
  {
    "id": "is-primary-address",
    "type": "StructureDefinition",
    "url": "http://hl7.org.nz/fhir/StructureDefinition/is-primary-address",
    "version": "1.0.2",
    "name": "IsPrimaryAddress"
  },
  {
    "id": "name-use-extra",
    "type": "StructureDefinition",
    "url": "http://hl7.org.nz/fhir/StructureDefinition/name-use-extra",
    "version": "1.0.2",
    "name": "NameUseExtra"
  },
  {
    "id": "nhi-address-derived",
    "type": "StructureDefinition",
    "url": "http://hl7.org.nz/fhir/StructureDefinition/nhi-address-derived",
    "version": "1.0.2",
    "name": "NhiAddressDerived"
  },
  {
    "id": "not-validated-address-reason",
    "type": "StructureDefinition",
    "url": "http://hl7.org.nz/fhir/StructureDefinition/not-validated-address-reason",
    "version": "1.0.2",
    "name": "NotValidatedAddressReason"
  },
  {
    "id": "address-id",
    "type": "StructureDefinition",
    "url": "http://hl7.org.nz/fhir/StructureDefinition/nz-address-id",
    "version": "1.0.2",
    "name": "NzAddressId"
  },
  {
    "id": "NhiCapabilityStatement",
    "type": "CapabilityStatement",
    "url": "http://hl7.org.nz/fhir/ig/nhi/CapabilityStatement/NhiCapabilityStatement",
    "version": "1.0.2"
  },
  {
    "id": "hl7.org.nz.fhir.ig.nhi",
    "type": "ImplementationGuide",
    "url": "http://hl7.org.nz/fhir/ig/nhi/ImplementationGuide/hl7.org.nz.fhir.ig.nhi",
    "version": "1.0.2",
    "name": "NewZealandNHIIG"
  },
  {
    "id": "PatientModel",
    "type": "StructureDefinition",
    "url": "http://hl7.org.nz/fhir/ig/nhi/StructureDefinition/PatientModel",
    "version": "1.0.2",
    "name": "PatientModel"
  },
  {
    "id": "NhiIdentifierUse",
    "type": "ValueSet",
    "url": "https://nzhts.digital.health.nz/fhir/ValueSet/nhi-identifier-use-code",
    "version": "1.0.2",
    "name": "NhiIdentifierUse"
  },
  {
    "id": "nhi-address-use",
    "type": "ValueSet",
    "url": "https://nzhts.digital.health.nz/fhir/ValueSet/nhiaddressUse",
    "version": "1.0.2",
    "name": "NhiAddressUse"
  }
]