[
  {
    "id": "NhiAddress",
    "type": "StructureDefinition",
    "url": "http://hl7.org.nz/fhir/StructureDefinition/NhiAddress",
    "version": "0.1.0",
    "name": "NhiAddress"
  },
  {
    "id": "NhiPatient",
    "type": "StructureDefinition",
    "url": "http://hl7.org.nz/fhir/StructureDefinition/NhiPatient",
    "version": "0.1.0",
    "name": "NhiPatient"
  },
  {
    "id": "birth-place",
    "type": "StructureDefinition",
    "url": "http://hl7.org.nz/fhir/StructureDefinition/birth-place",
    "version": "0.1.0",
    "name": "BirthPlace"
  },
  {
    "id": "gender-original-text",
    "type": "StructureDefinition",
    "url": "http://hl7.org.nz/fhir/StructureDefinition/gender-original-text",
    "version": "0.1.0",
    "name": "OriginalText"
  },
  {
    "id": "is-primary-address",
    "type": "StructureDefinition",
    "url": "http://hl7.org.nz/fhir/StructureDefinition/is-primary-address",
    "version": "0.1.0",
    "name": "IsPrimaryAddress"
  },
  {
    "id": "nhi-address-derived",
    "type": "StructureDefinition",
    "url": "http://hl7.org.nz/fhir/StructureDefinition/nhi-address-derived",
    "version": "0.1.0",
    "name": "NhiAddressDerived"
  },
  {
    "id": "nhi-nz-geocode",
    "type": "StructureDefinition",
    "url": "http://hl7.org.nz/fhir/StructureDefinition/nhi-nz-geocode",
    "version": "0.1.0",
    "name": "NhiNzGeocode"
  },
  {
    "id": "not-validated-address-reason",
    "type": "StructureDefinition",
    "url": "http://hl7.org.nz/fhir/StructureDefinition/not-validated-address-reason",
    "version": "0.1.0",
    "name": "NotValidatedAddressReason"
  },
  {
    "id": "address-id",
    "type": "StructureDefinition",
    "url": "http://hl7.org.nz/fhir/StructureDefinition/nz-address-id",
    "version": "0.1.0",
    "name": "NzAddressId"
  },
  {
    "id": "nz-residency",
    "type": "StructureDefinition",
    "url": "http://hl7.org.nz/fhir/StructureDefinition/nz-residency",
    "version": "0.1.0",
    "name": "NZResidencyStatus"
  },
  {
    "id": "NhiCapabilityStatement",
    "type": "CapabilityStatement",
    "url": "http://hl7.org.nz/fhir/ig/nhi/CapabilityStatement/NhiCapabilityStatement",
    "version": "0.1.0"
  },
  {
    "id": "hl7.org.nz.fhir.ig.nhi",
    "type": "ImplementationGuide",
    "url": "http://hl7.org.nz/fhir/ig/nhi/ImplementationGuide/hl7.org.nz.fhir.ig.nhi",
    "version": "0.1.0",
    "name": "NewZealandNHIIG"
  },
  {
    "id": "PatientModel",
    "type": "StructureDefinition",
    "url": "http://hl7.org.nz/fhir/ig/nhi/StructureDefinition/PatientModel",
    "version": "0.1.0",
    "name": "PatientModel"
  },
  {
    "id": "AddressNotValidatedReason",
    "type": "ValueSet",
    "url": "https://nzhts.digital.health.nz/fhir/ValueSet/address-not-validated-reason-code",
    "version": "0.1.0",
    "name": "AddressNotValidatedReason"
  },
  {
    "id": "nhi-address-type",
    "type": "ValueSet",
    "url": "https://nzhts.digital.health.nz/fhir/ValueSet/addressType",
    "version": "0.1.0",
    "name": "NhiAddressType"
  },
  {
    "id": "nhi-address-use",
    "type": "ValueSet",
    "url": "https://nzhts.digital.health.nz/fhir/ValueSet/addressUse",
    "version": "0.1.0",
    "name": "NhiAddressUse"
  },
  {
    "id": "country-of-birth",
    "type": "ValueSet",
    "url": "https://nzhts.digital.health.nz/fhir/ValueSet/country-code",
    "version": "0.1.0",
    "name": "CountryOfBirthCode"
  },
  {
    "id": "nhi-country",
    "type": "ValueSet",
    "url": "https://nzhts.digital.health.nz/fhir/ValueSet/country-code",
    "version": "0.1.0",
    "name": "NhiCountryCode"
  },
  {
    "id": "country-of-birth-information-source",
    "type": "ValueSet",
    "url": "https://nzhts.digital.health.nz/fhir/ValueSet/country-of-birth-source-code",
    "version": "0.1.0",
    "name": "CountryOfBirthSource"
  },
  {
    "id": "dob-information-source",
    "type": "ValueSet",
    "url": "https://nzhts.digital.health.nz/fhir/ValueSet/date-of-birth-source-code",
    "version": "0.1.0",
    "name": "DobInformationSource"
  },
  {
    "id": "dhb",
    "type": "ValueSet",
    "url": "https://nzhts.digital.health.nz/fhir/ValueSet/dhb-code",
    "version": "0.1.0",
    "name": "DHBCode"
  },
  {
    "id": "dod-information-source",
    "type": "ValueSet",
    "url": "https://nzhts.digital.health.nz/fhir/ValueSet/dod-information-source-code",
    "version": "0.1.0",
    "name": "DodInformationSource"
  },
  {
    "id": "domicile-code",
    "type": "ValueSet",
    "url": "https://nzhts.digital.health.nz/fhir/ValueSet/domicile-code",
    "version": "0.1.0",
    "name": "DomicileCode"
  },
  {
    "id": "ethnicity",
    "type": "ValueSet",
    "url": "https://nzhts.digital.health.nz/fhir/ValueSet/ethnic-group-level-4-code",
    "version": "0.1.0",
    "name": "Ethnicity"
  },
  {
    "id": "Hpi-location-address-use",
    "type": "ValueSet",
    "url": "https://nzhts.digital.health.nz/fhir/ValueSet/hpi-location-address-use-code",
    "version": "0.1.0",
    "name": "Hpi_location_address_use"
  },
  {
    "id": "information-source",
    "type": "ValueSet",
    "url": "https://nzhts.digital.health.nz/fhir/ValueSet/information-source-code",
    "version": "0.1.0",
    "name": "InformationSource"
  },
  {
    "id": "nhi-name-prefix",
    "type": "ValueSet",
    "url": "https://nzhts.digital.health.nz/fhir/ValueSet/name-prefix-code",
    "version": "0.1.0",
    "name": "NhiNamePrefix"
  },
  {
    "id": "name-information-source",
    "type": "ValueSet",
    "url": "https://nzhts.digital.health.nz/fhir/ValueSet/name-source-code",
    "version": "0.1.0",
    "name": "NameInformationSource"
  },
  {
    "id": "nhi-name-suffix",
    "type": "ValueSet",
    "url": "https://nzhts.digital.health.nz/fhir/ValueSet/name-suffix-code",
    "version": "0.1.0",
    "name": "NhiNameSuffix"
  },
  {
    "id": "NhiIdentifierUse",
    "type": "ValueSet",
    "url": "https://nzhts.digital.health.nz/fhir/ValueSet/nhi-identifier-use-code",
    "version": "0.1.0",
    "name": "NhiIdentifierUse"
  },
  {
    "id": "nz-additional-sex-code",
    "type": "ValueSet",
    "url": "https://nzhts.digital.health.nz/fhir/ValueSet/nz-additional-sex-code",
    "version": "0.1.0",
    "name": "AdditionalSex"
  },
  {
    "id": "nz-citizenship-information-source",
    "type": "ValueSet",
    "url": "https://nzhts.digital.health.nz/fhir/ValueSet/nz-citizenship-source-code",
    "version": "0.1.0",
    "name": "NzCitizenshipInformationSource"
  },
  {
    "id": "nz-residency-information-source",
    "type": "ValueSet",
    "url": "https://nzhts.digital.health.nz/fhir/ValueSet/nz-citizenship-source-code",
    "version": "0.1.0",
    "name": "NzResidencyInformationSource"
  },
  {
    "id": "citizenship-status",
    "type": "ValueSet",
    "url": "https://nzhts.digital.health.nz/fhir/ValueSet/nz-citizenship-status-code",
    "version": "0.1.0",
    "name": "CitizenshipStatus"
  },
  {
    "id": "nz-residency-status",
    "type": "ValueSet",
    "url": "https://nzhts.digital.health.nz/fhir/ValueSet/nz-residency-status-code",
    "version": "0.1.0",
    "name": "NZResidencyStatus"
  },
  {
    "id": "Datum",
    "type": "ValueSet",
    "url": "https://nzhts.digital.health.nz/fhir/ValueSetdatum-code",
    "version": "0.1.0",
    "name": "Datum"
  },
  {
    "id": "AddressNotValidated",
    "type": "CodeSystem",
    "url": "https://standards.digital.health.nz/ns/address-not-validated-reason-code",
    "version": "0.1.0",
    "name": "AddressNotValidated"
  },
  {
    "id": "country-code",
    "type": "CodeSystem",
    "url": "https://standards.digital.health.nz/ns/country-code",
    "version": "0.1.0",
    "name": "NhiCountryCode"
  },
  {
    "id": "Datum",
    "type": "CodeSystem",
    "url": "https://standards.digital.health.nz/ns/datum-code",
    "version": "0.1.0",
    "name": "Datum"
  },
  {
    "id": "dhb-code",
    "type": "CodeSystem",
    "url": "https://standards.digital.health.nz/ns/dhb-code",
    "version": "0.1.0",
    "name": "DHBCode"
  },
  {
    "id": "domicile-code",
    "type": "CodeSystem",
    "url": "https://standards.digital.health.nz/ns/domicile-code",
    "version": "0.1.0",
    "name": "DomicileCode"
  },
  {
    "id": "ethnicityL4",
    "type": "CodeSystem",
    "url": "https://standards.digital.health.nz/ns/ethnic-group-level-4-code",
    "version": "0.1.0",
    "name": "EthnicityL4"
  },
  {
    "id": "information-source",
    "type": "CodeSystem",
    "url": "https://standards.digital.health.nz/ns/information-source-code",
    "version": "0.1.0",
    "name": "InformationSource"
  },
  {
    "id": "name-suffix",
    "type": "CodeSystem",
    "url": "https://standards.digital.health.nz/ns/name-suffix-code",
    "version": "0.1.0",
    "name": "NameSuffix"
  },
  {
    "id": "nz-additional-sex-code",
    "type": "CodeSystem",
    "url": "https://standards.digital.health.nz/ns/nz-additional-sex-code",
    "version": "0.1.0",
    "name": "AdditionalSex"
  },
  {
    "id": "citizenship-status",
    "type": "CodeSystem",
    "url": "https://standards.digital.health.nz/ns/nz-citizenship-status-code",
    "version": "0.1.0",
    "name": "CitizenshipStatus"
  },
  {
    "id": "nz-residency-status",
    "type": "CodeSystem",
    "url": "https://standards.digital.health.nz/ns/nz-residency-status-code",
    "version": "0.1.0",
    "name": "NZResidencyStatus"
  }
]