<?xml version="1.0" encoding="UTF-8"?>

<CapabilityStatement xmlns="http://hl7.org/fhir">
  <id value="NhiCapabilityStatement"/>
  <text>
    <status value="extensions"/><div xmlns="http://www.w3.org/1999/xhtml"><h2/><div><p>A FHIR API in front of the New Zealand NHI</p>
</div><table><tr><td>Mode</td><td>SERVER</td></tr><tr><td>Description</td><td/></tr><tr><td>Transaction</td><td></td></tr><tr><td>System History</td><td></td></tr><tr><td>System Search</td><td></td></tr></table><table><tr><th><b>Resource Type</b></th><th><b>Profile</b></th><th><b title="GET a resource (read interaction)">Read</b></th><th><b title="GET all set of resources of the type (search interaction)">Search</b></th><th><b title="PUT a new resource version (update interaction)">Update</b></th><th><b title="POST a new resource (create interaction)">Create</b></th></tr><tr><td>Patient</td><td><a href="http://hl7.org.nz/fhir/StructureDefinition/NhiPatient">http://hl7.org.nz/fhir/StructureDefinition/NhiPatient</a></td><td>y</td><td></td><td></td><td></td></tr></table></div>
  </text>
  <url value="http://hl7.org.nz/fhir/ig/nhi/CapabilityStatement/NhiCapabilityStatement"/>
  <version value="1.12-SAPSHOT"/>
  <status value="draft"/>
  <date value="2020-04-21"/>
  <publisher value="Te Whatu Ora"/>
  <contact>
    <name value="Te Whatu Ora"/>
    <telecom>
      <system value="email"/>
      <value value="mailto:integration@health.govt.nz"/>
    </telecom>
  </contact>
  <description value="A FHIR API in front of the New Zealand NHI"/>
  <kind value="instance"/>
  <implementation>
    <description value="HPI system"/>
  </implementation>
  <fhirVersion value="4.0.1"/>
  <format value="json"/>
  <patchFormat value="json"/>
  <implementationGuide value="http://hl7.org.nz/fhir/StructureDefinition/NHI"/>
  <rest>
    <mode value="server"/>
    <resource>
      <type value="Patient"/>
      <profile value="http://hl7.org.nz/fhir/StructureDefinition/NhiPatient"/>
      <interaction>
        <code value="read"/>
        <documentation value="Used to retrieve a Patient resource by Id. &lt;br /&gt; HTTP Request 'GET' &lt;br /&gt; Scope required: patient:read / Patient.r"/>
      </interaction>
      <operation>
        <name value="match"/>
        <definition value="http://hl7.org/fhir/OperationDefinition/Patient-match"/>
        <documentation value="**$Match (Find NHI)** with In parameter onlyCertainMatches: 0 (False) An operation to search the NHI by demographics using fuzzy logic. Returns a bundle of results with match scores. &lt;br /&gt; HTTP Request 'POST' &lt;br /&gt; Scope required: patient:search / Patient.s &lt;br /&gt; **$Match (Validate)** with In parameter onlyCertainMatches: 1 (True) An operation to validate known patient demographic details against an NHI number. Returns a bundle of results with one patient resource that includes the live nhi-id &lt;br /&gt; HTTP Request 'POST' &lt;br /&gt; Scope required: patient:validate / Patient.v"/>
      </operation>
      <operation>
        <name value="set-preferred-name"/>
        <definition value="https://nhi-ig.hip.digital.health.nz/OperationDefinition/set-preferred-name"/>
        <documentation value="An operation to set the patient.name.preferred boolean to True. &lt;br /&gt; HTTP Request 'POST' &lt;br /&gt; Scope required: patient:write / Patient.u"/>
      </operation>
      <operation>
        <name value="set-address"/>
        <definition value="https://nhi-ig.hip.digital.health.nz/OperationDefinition/set-address"/>
        <documentation value="Allows a user to replace a physical address OR add or replace a postal address with an eSAM validated address &lt;br /&gt; HTTP Request 'POST' &lt;br /&gt; Scope required: patient:write / Patient.u"/>
      </operation>
      <operation>
        <name value="set-unvalidated-address"/>
        <definition value="https://nhi-ig.hip.digital.health.nz/OperationDefinition/set-unvalidated-address"/>
        <documentation value="Allows a user to replace a physical address OR add or replace a postal address with an unvalidated address&lt;br /&gt; HTTP Request 'POST' &lt;br /&gt; Scope required: patient:write / Patient.u"/>
      </operation>
      <operation>
        <name value="remove-postal-address"/>
        <definition value="https://nhi-ig.hip.digital.health.nz/OperationDefinition/remove-postal-address"/>
        <documentation value="Allows a user to remove a postal address from the nhi record &lt;br /&gt; HTTP Request 'POST' &lt;br /&gt; Scope required: patient:write / Patient.u"/>
      </operation>
    </resource>
  </rest>
</CapabilityStatement>