{
  "resourceType" : "CapabilityStatement",
  "id" : "NhiCapabilityStatement",
  "text" : {
    "status" : "extensions",
    "div" : "<div xmlns=\"http://www.w3.org/1999/xhtml\"><h2/><div><p>A FHIR API in front of the New Zealand NHI</p>\n</div><table><tr><td>Mode</td><td>SERVER</td></tr><tr><td>Description</td><td/></tr><tr><td>Transaction</td><td></td></tr><tr><td>System History</td><td></td></tr><tr><td>System Search</td><td></td></tr></table><table><tr><th><b>Resource Type</b></th><th><b>Profile</b></th><th><b title=\"GET a resource (read interaction)\">Read</b></th><th><b title=\"GET all set of resources of the type (search interaction)\">Search</b></th><th><b title=\"PUT a new resource version (update interaction)\">Update</b></th><th><b title=\"POST a new resource (create interaction)\">Create</b></th></tr><tr><td>Patient</td><td><a href=\"http://hl7.org.nz/fhir/StructureDefinition/NhiPatient\">http://hl7.org.nz/fhir/StructureDefinition/NhiPatient</a></td><td>y</td><td></td><td></td><td></td></tr></table></div>"
  },
  "url" : "http://hl7.org.nz/fhir/ig/nhi/CapabilityStatement/NhiCapabilityStatement",
  "version" : "1.4.0-SNAPSHOT",
  "status" : "draft",
  "date" : "2020-04-21",
  "publisher" : "Te Whatu Ora",
  "contact" : [{
    "name" : "Te Whatu Ora",
    "telecom" : [{
      "system" : "email",
      "value" : "mailto:integration@health.govt.nz"
    }]
  }],
  "description" : "A FHIR API in front of the New Zealand NHI",
  "kind" : "instance",
  "implementation" : {
    "description" : "HPI system"
  },
  "fhirVersion" : "4.0.1",
  "format" : ["json"],
  "patchFormat" : ["json"],
  "implementationGuide" : ["http://hl7.org.nz/fhir/StructureDefinition/NHI"],
  "rest" : [{
    "mode" : "server",
    "resource" : [{
      "type" : "Patient",
      "profile" : "http://hl7.org.nz/fhir/StructureDefinition/NhiPatient",
      "interaction" : [{
        "code" : "read",
        "documentation" : "Used to retrieve a Patient resource by Id.  **HTTP Request** 'GET'  **Scope required:** patient:read / Patient.r"
      }],
      "operation" : [{
        "name" : "match",
        "definition" : "http://hl7.org/fhir/OperationDefinition/Patient-match",
        "documentation" : "POST, [base]/Patient/$Match, /**$Match (Find NHI)** with In parameter onlyCertainMatches: 0 (False) An operation to search the NHI by demographics using fuzzy logic. Returns a bundle of results with match scores.  **HTTP Request** 'POST'.  **Scope required:** patient:search / Patient.s.  **$Match (Validate)** with In parameter onlyCertainMatches: 1 (True) An operation to validate known patient demographic details against an NHI number. Returns a bundle of results with one patient resource that only includes the live nhi-id.  **HTTP Request** 'POST'.  **Scope required:** patient:validate / Patient.v"
      },
      {
        "name" : "set-preferred-name",
        "definition" : "https://nhi-ig.hip.digital.health.nz/OperationDefinition/set-preferred-name",
        "documentation" : "POST, [base]/Patient/$set-preferred-name,, An operation to set the patient.name.preferred boolean to True.  **HTTP Request** 'POST'.  **Scope required:** patient:write / Patient.u"
      },
      {
        "name" : "set-address",
        "definition" : "https://nhi-ig.hip.digital.health.nz/OperationDefinition/set-address",
        "documentation" : "POST, [base]/Patient/$set-address, Allows a user to replace a physical address OR add or replace a postal address with an eSAM validated address.  **HTTP Request** 'POST'.  **Scope required:** patient:write / Patient.u"
      },
      {
        "name" : "set-unvalidated-address",
        "definition" : "https://nhi-ig.hip.digital.health.nz/OperationDefinition/set-unvalidated-address",
        "documentation" : "POST, [base]/Patient/$set-unvalidated-address, Allows a user to replace a physical address OR add or replace a postal address with an unvalidated address.  **HTTP Request** 'POST'.  **Scope required:** patient:write / Patient.u"
      },
      {
        "name" : "remove-postal-address",
        "definition" : "https://nhi-ig.hip.digital.health.nz/OperationDefinition/remove-postal-address",
        "documentation" : "POST, [base]/Patient/$remove-postal-address, Allows a user to remove a postal address from the nhi record.  **HTTP Request** 'POST'.  **Scope required:** patient:write / Patient.u"
      },
      {
        "name" : "update-birth",
        "definition" : "https://nhi-ig.hip.digital.health.nz/OperationDefinition/update-birth",
        "documentation" : "POST, [base]/Patient/$update-birth, An operation to update a patient's birth details.  **HTTP Request** 'POST'.  **Scope required:**  system/Patient.u, system/Patient.a"
      },
      {
        "name" : "update-identity",
        "definition" : "https://nhi-ig.hip.digital.health.nz/OperationDefinition/update-identity",
        "documentation" : "POST, [base]/Patient/$update-identity, An operation to update a patient's identity details.  **HTTP Request** 'POST'.  **Scope required:**  system/Patient.u, system/Patient.a"
      },
      {
        "name" : "add-name",
        "definition" : "https://nhi-ig.hip.digital.health.nz/OperationDefinition/add-name",
        "documentation" : "POST, [base]/Patient/$add-name, An operation to add a name to a patient's NHI record.  **HTTP Request** 'POST'.  **Scope required:**  system/Patient.u, system/Patient.a"
      },
      {
        "name" : "replace-name",
        "definition" : "https://nhi-ig.hip.digital.health.nz/OperationDefinition/replace-name",
        "documentation" : "POST, [base]/Patient/$replace-name, An operation to replace a name on a patient's record.  **HTTP Request** 'POST'.  **Scope required:**  system/Patient.u, system/Patient.a"
      },
      {
        "name" : "inactivate-name",
        "definition" : "https://nhi-ig.hip.digital.health.nz/OperationDefinition/inactivate-name",
        "documentation" : "POST, [base]/Patient/$inactivate-name, An operation to replace a name on a patient's record.  **HTTP Request** 'POST'.  **Scope required:**  system/Patient.u, system/Patient.a"
      },
      {
        "name" : "update-eligibility",
        "definition" : "https://nhi-ig.hip.digital.health.nz/OperationDefinition/update-eligibility",
        "documentation" : "POST, [base]/Patient/$update-eligibility, An operation to replace a name on a patient's record.  **HTTP Request** 'POST'.  **Scope required:**  system/Patient.u, system/Patient.a"
      }]
    }]
  }]
}