{
  "resourceType": "CapabilityStatement",
  "id": "NhiCapabilityStatement",
  "text": {
    "status": "extensions",
    "div": "<div xmlns=\"http://www.w3.org/1999/xhtml\"><h2/><div><p>A FHIR API in front of the New Zealand NHI</p>\n</div><table><tr><td>Mode</td><td>SERVER</td></tr><tr><td>Description</td><td/></tr><tr><td>Transaction</td><td></td></tr><tr><td>System History</td><td></td></tr><tr><td>System Search</td><td></td></tr></table><table><tr><th><b>Resource Type</b></th><th><b>Profile</b></th><th><b title=\"GET a resource (read interaction)\">Read</b></th><th><b title=\"GET all set of resources of the type (search interaction)\">Search</b></th><th><b title=\"PUT a new resource version (update interaction)\">Update</b></th><th><b title=\"PATCH a new resource version (patch interaction)\">Patch</b></th><th><b title=\"POST a new resource (create interaction)\">Create</b></th></tr><tr><td>Patient</td><td> </td><td>y</td><td>y</td><td></td><td>y</td><td>y</td></tr></table></div>"
  },
  "url": "http://hl7.org.nz/fhir/ig/nhi/CapabilityStatement/NhiCapabilityStatement",
  "version": "0.10.0",
  "status": "draft",
  "date": "2020-04-21",
  "publisher": "David Hay",
  "contact": [
    {
      "name": "David Hay",
      "telecom": [
        {
          "system": "email",
          "value": "mailto:david.hay25@gmail.com"
        }
      ]
    }
  ],
  "description": "A FHIR API in front of the New Zealand NHI",
  "kind": "instance",
  "implementation": {
    "description": "HPI system"
  },
  "fhirVersion": "4.0.1",
  "format": [
    "xml",
    "json"
  ],
  "patchFormat": [
    "json"
  ],
  "implementationGuide": [
    "http://hl7.org.nz/fhir/StructureDefinition/NHI"
  ],
  "rest": [
    {
      "mode": "server",
      "resource": [
        {
          "type": "Patient",
          "interaction": [
            {
              "code": "read",
              "documentation": "The id is the same as the currrent NHI value"
            },
            {
              "code": "patch",
              "documentation": "Not yet enabled. Security will be applied to patch updates"
            },
            {
              "code": "create",
              "documentation": "Not yet enabled. Security will be applied to create operations"
            },
            {
              "code": "search-type",
              "documentation": "Not yet enabled"
            }
          ]
        }
      ]
    }
  ]
}