<?xml version="1.0" encoding="UTF-8"?>

<CodeSystem xmlns="http://hl7.org/fhir">
  <id value="Datum"/>
  <text>
    <status value="generated"/><div xmlns="http://www.w3.org/1999/xhtml"><p>This code system https://standards.digital.health.nz/ns/datum-code defines the following codes:</p><table class="codes"><tr><td style="white-space:nowrap"><b>Code</b></td><td><b>Display</b></td></tr><tr><td style="white-space:nowrap">NZGD2000<a name="Datum-NZGD2000"> </a></td><td>NZ offical datum, used by MoH address service</td></tr><tr><td style="white-space:nowrap">WGS84<a name="Datum-WGS84"> </a></td><td>global datum,  used by google maps</td></tr></table></div>
  </text>
  <url value="https://standards.digital.health.nz/ns/datum-code"/>
  <version value="0.1.0"/>
  <name value="Datum"/>
  <title value="Datum Code"/>
  <status value="active"/>
  <date value="2022-02-08T02:25:38+00:00"/>
  <publisher value="David Hay"/>
  <contact>
    <name value="David Hay"/>
    <telecom>
      <system value="email"/>
      <value value="mailto:david.hay25@gmail.com"/>
    </telecom>
  </contact>
  <description value="Identifies the coordinate system used to specify points on a map"/>
  <content value="complete"/>
  <count value="2"/>
  <concept>
    <code value="NZGD2000"/>
    <display value="NZ offical datum, used by MoH address service"/>
  </concept>
  <concept>
    <code value="WGS84"/>
    <display value="global datum,  used by google maps"/>
  </concept>
</CodeSystem>