<?xml version="1.0" encoding="UTF-8"?>

<CodeSystem xmlns="http://hl7.org/fhir">
  <id value="nz-residency-status"/>
  <text>
    <status value="generated"/><div xmlns="http://www.w3.org/1999/xhtml"><p>This code system https://nzhts.digital.health.nz/ns/nz-residency-status-code defines the following codes:</p><table class="codes"><tr><td style="white-space:nowrap"><b>Code</b></td><td><b>Display</b></td></tr><tr><td style="white-space:nowrap">Yes<a name="nz-residency-status-Yes"> </a></td><td>Yes</td></tr><tr><td style="white-space:nowrap">No<a name="nz-residency-status-No"> </a></td><td>No</td></tr><tr><td style="white-space:nowrap">Unknown<a name="nz-residency-status-Unknown"> </a></td><td>Unknown</td></tr></table></div>
  </text>
  <url value="https://nzhts.digital.health.nz/ns/nz-residency-status-code"/>
  <version value="0.1.0"/>
  <name value="NZResidencyStatus"/>
  <title value="NZ Residency status"/>
  <status value="active"/>
  <date value="2022-02-09T03:35:33+00:00"/>
  <publisher value="David Hay"/>
  <contact>
    <name value="David Hay"/>
    <telecom>
      <system value="email"/>
      <value value="mailto:david.hay25@gmail.com"/>
    </telecom>
  </contact>
  <description value="NZ Residency status"/>
  <content value="complete"/>
  <count value="3"/>
  <concept>
    <code value="Yes"/>
    <display value="Yes"/>
  </concept>
  <concept>
    <code value="No"/>
    <display value="No"/>
  </concept>
  <concept>
    <code value="Unknown"/>
    <display value="Unknown"/>
  </concept>
</CodeSystem>