{
  "resourceType": "CodeSystem",
  "id": "nz-residency-status",
  "text": {
    "status": "generated",
    "div": "<div xmlns=\"http://www.w3.org/1999/xhtml\"><p>This code system https://standards.digital.health.nz/ns/nz-residency-status-code defines the following codes:</p><table class=\"codes\"><tr><td style=\"white-space:nowrap\"><b>Code</b></td><td><b>Display</b></td></tr><tr><td style=\"white-space:nowrap\">Yes<a name=\"nz-residency-status-Yes\"> </a></td><td>Yes</td></tr><tr><td style=\"white-space:nowrap\">No<a name=\"nz-residency-status-No\"> </a></td><td>No</td></tr><tr><td style=\"white-space:nowrap\">Unknown<a name=\"nz-residency-status-Unknown\"> </a></td><td>Unknown</td></tr></table></div>"
  },
  "url": "https://standards.digital.health.nz/ns/nz-residency-status-code",
  "version": "0.10.0",
  "name": "NZResidencyStatus",
  "title": "NZ Residency status",
  "status": "active",
  "date": "2022-03-02T02:54:28+00:00",
  "publisher": "David Hay",
  "contact": [
    {
      "name": "David Hay",
      "telecom": [
        {
          "system": "email",
          "value": "mailto:david.hay25@gmail.com"
        }
      ]
    }
  ],
  "description": "NZ Residency status",
  "content": "complete",
  "count": 3,
  "concept": [
    {
      "code": "Yes",
      "display": "Yes"
    },
    {
      "code": "No",
      "display": "No"
    },
    {
      "code": "Unknown",
      "display": "Unknown"
    }
  ]
}