<?xml version="1.0" encoding="UTF-8"?>

<CodeSystem xmlns="http://hl7.org/fhir">
  <id value="nz-additional-sex-code"/>
  <text>
    <status value="generated"/><div xmlns="http://www.w3.org/1999/xhtml"><p>This code system https://standards.digital.health.nz/ns/nz-additional-sex-code defines the following codes:</p><table class="codes"><tr><td style="white-space:nowrap"><b>Code</b></td><td><b>Display</b></td><td><b>Definition</b></td></tr><tr><td style="white-space:nowrap">indeterminate<a name="nz-additional-sex-code-indeterminate"> </a></td><td>Indeterminate</td><td>When the sex cannot be determined</td></tr></table></div>
  </text>
  <url value="https://standards.digital.health.nz/ns/nz-additional-sex-code"/>
  <version value="0.10.0"/>
  <name value="AdditionalSex"/>
  <title value="Patient citizenship status"/>
  <status value="active"/>
  <date value="2022-03-08T20:18:09+00:00"/>
  <publisher value="David Hay"/>
  <contact>
    <name value="David Hay"/>
    <telecom>
      <system value="email"/>
      <value value="mailto:david.hay25@gmail.com"/>
    </telecom>
  </contact>
  <description value="Additional sex values for Patient"/>
  <content value="complete"/>
  <count value="1"/>
  <concept>
    <code value="indeterminate"/>
    <display value="Indeterminate"/>
    <definition value="When the sex cannot be determined"/>
  </concept>
</CodeSystem>