{
  "resourceType": "CodeSystem",
  "id": "citizenship-status",
  "text": {
    "status": "generated",
    "div": "<div xmlns=\"http://www.w3.org/1999/xhtml\"><p>This code system https://standards.digital.health.nz/ns/nz-citizenship-status-code defines the following codes:</p><table class=\"codes\"><tr><td style=\"white-space:nowrap\"><b>Code</b></td><td><b>Display</b></td><td><b>Definition</b></td></tr><tr><td style=\"white-space:nowrap\">yes<a name=\"citizenship-status-yes\"> </a></td><td>Yes</td><td>This patient is a citizen.</td></tr><tr><td style=\"white-space:nowrap\">no<a name=\"citizenship-status-no\"> </a></td><td>No</td><td>This patient is not a citizen.</td></tr><tr><td style=\"white-space:nowrap\">unknown<a name=\"citizenship-status-unknown\"> </a></td><td>The citizenship status is unknown</td><td/></tr></table></div>"
  },
  "url": "https://standards.digital.health.nz/ns/nz-citizenship-status-code",
  "version": "0.1.0",
  "name": "CitizenshipStatus",
  "title": "NZ Citizenship status",
  "status": "active",
  "date": "2022-02-02T22:58:15+00:00",
  "publisher": "David Hay",
  "contact": [
    {
      "name": "David Hay",
      "telecom": [
        {
          "system": "email",
          "value": "mailto:david.hay25@gmail.com"
        }
      ]
    }
  ],
  "description": "Is this person a NZ Citizen",
  "content": "complete",
  "count": 3,
  "concept": [
    {
      "code": "yes",
      "display": "Yes",
      "definition": "This patient is a citizen."
    },
    {
      "code": "no",
      "display": "No",
      "definition": "This patient is not a citizen."
    },
    {
      "code": "unknown",
      "display": "The citizenship status is unknown"
    }
  ]
}