<?xml version="1.0" encoding="UTF-8"?>

<CodeSystem xmlns="http://hl7.org/fhir">
  <id value="name-prefix"/>
  <text>
    <status value="generated"/><div xmlns="http://www.w3.org/1999/xhtml"><p>This code system https://nzhts.digital.health.nz/ns/name-prefix-code defines the following codes:</p><table class="codes"><tr><td style="white-space:nowrap"><b>Code</b></td></tr></table></div>
  </text>
  <url value="https://nzhts.digital.health.nz/ns/name-prefix-code"/>
  <version value="0.1.0"/>
  <name value="NamePrefix"/>
  <title value="Name prefix codes"/>
  <status value="active"/>
  <date value="2022-02-09T00:08:56+00:00"/>
  <publisher value="David Hay"/>
  <contact>
    <name value="David Hay"/>
    <telecom>
      <system value="email"/>
      <value value="mailto:david.hay25@gmail.com"/>
    </telecom>
  </contact>
  <description value="Types of name prefixes used by NHI"/>
  <content value="complete"/>
</CodeSystem>