<?xml version="1.0" encoding="UTF-8"?>

<CodeSystem xmlns="http://hl7.org/fhir">
  <id value="dhb-code"/>
  <text>
    <status value="generated"/><div xmlns="http://www.w3.org/1999/xhtml"><p>This code system https://standards.digital.health.nz/ns/dhb-code defines the following codes:</p><table class="codes"><tr><td style="white-space:nowrap"><b>Code</b></td></tr></table></div>
  </text>
  <url value="https://standards.digital.health.nz/ns/dhb-code"/>
  <version value="0.1.0"/>
  <name value="DHBCode"/>
  <title value="DHB codes"/>
  <status value="active"/>
  <date value="2022-02-08T02:25:38+00:00"/>
  <publisher value="David Hay"/>
  <contact>
    <name value="David Hay"/>
    <telecom>
      <system value="email"/>
      <value value="mailto:david.hay25@gmail.com"/>
    </telecom>
  </contact>
  <description value="District Health Board codes"/>
  <content value="complete"/>
</CodeSystem>