<?xml version="1.0" encoding="UTF-8"?>

<CodeSystem xmlns="http://hl7.org/fhir">
  <id value="AddressNotValidated"/>
  <text>
    <status value="generated"/><div xmlns="http://www.w3.org/1999/xhtml"><p>This code system https://standards.digital.health.nz/ns/address-not-validated-reason-code defines the following codes:</p><table class="codes"><tr><td style="white-space:nowrap"><b>Code</b></td><td><b>Display</b></td></tr><tr><td style="white-space:nowrap">OSEA<a name="AddressNotValidated-OSEA"> </a></td><td>Overseas address</td></tr><tr><td style="white-space:nowrap">UKWN<a name="AddressNotValidated-UKWN"> </a></td><td>Address unknown</td></tr><tr><td style="white-space:nowrap">NFAB<a name="AddressNotValidated-NFAB"> </a></td><td>No fixed abode</td></tr><tr><td style="white-space:nowrap">NOSVC<a name="AddressNotValidated-NOSVC"> </a></td><td>Address service unavailable</td></tr><tr><td style="white-space:nowrap">OTHER<a name="AddressNotValidated-OTHER"> </a></td><td>Other</td></tr></table></div>
  </text>
  <url value="https://standards.digital.health.nz/ns/address-not-validated-reason-code"/>
  <version value="0.1.0"/>
  <name value="AddressNotValidated"/>
  <title value="Address Not Validated reason"/>
  <status value="active"/>
  <date value="2022-02-08T02:25:38+00:00"/>
  <publisher value="David Hay"/>
  <contact>
    <name value="David Hay"/>
    <telecom>
      <system value="email"/>
      <value value="mailto:david.hay25@gmail.com"/>
    </telecom>
  </contact>
  <description value="The reason why the address was not validated"/>
  <content value="complete"/>
  <count value="5"/>
  <concept>
    <code value="OSEA"/>
    <display value="Overseas address"/>
  </concept>
  <concept>
    <code value="UKWN"/>
    <display value="Address unknown"/>
  </concept>
  <concept>
    <code value="NFAB"/>
    <display value="No fixed abode"/>
  </concept>
  <concept>
    <code value="NOSVC"/>
    <display value="Address service unavailable"/>
  </concept>
  <concept>
    <code value="OTHER"/>
    <display value="Other"/>
  </concept>
</CodeSystem>