{
  "resourceType": "CodeSystem",
  "id": "Datum",
  "text": {
    "status": "generated",
    "div": "<div xmlns=\"http://www.w3.org/1999/xhtml\"><p>This code system https://standards.digital.health.nz/ns/datum-code defines the following codes:</p><table class=\"codes\"><tr><td style=\"white-space:nowrap\"><b>Code</b></td><td><b>Display</b></td></tr><tr><td style=\"white-space:nowrap\">NZGD2000<a name=\"Datum-NZGD2000\"> </a></td><td>NZ offical datum, used by MoH address service</td></tr><tr><td style=\"white-space:nowrap\">WGS84<a name=\"Datum-WGS84\"> </a></td><td>global datum,  used by google maps</td></tr></table></div>"
  },
  "url": "https://standards.digital.health.nz/ns/datum-code",
  "version": "0.11.0 snapshot",
  "name": "Datum",
  "title": "Datum Code",
  "status": "active",
  "date": "2022-07-06T21:40:36+00:00",
  "publisher": "Ministry of Health",
  "contact": [
    {
      "name": "Ministry of Health",
      "telecom": [
        {
          "system": "email",
          "value": "mailto:integration@health.govt.nz"
        }
      ]
    }
  ],
  "description": "Identifies the coordinate system used to specify points on a map",
  "content": "complete",
  "count": 2,
  "concept": [
    {
      "code": "NZGD2000",
      "display": "NZ offical datum, used by MoH address service"
    },
    {
      "code": "WGS84",
      "display": "global datum,  used by google maps"
    }
  ]
}