{
  "resourceType": "CodeSystem",
  "id": "country-code",
  "text": {
    "status": "generated",
    "div": "<div xmlns=\"http://www.w3.org/1999/xhtml\"><p>This code system https://standards.digital.health.nz/ns/country-code defines the following codes:</p><table class=\"codes\"><tr><td style=\"white-space:nowrap\"><b>Code</b></td></tr></table></div>"
  },
  "url": "https://standards.digital.health.nz/ns/country-code",
  "version": "0.1.0",
  "name": "NhiCountryCode",
  "title": "Country codes",
  "status": "active",
  "date": "2022-02-03T04:17:24+00:00",
  "publisher": "David Hay",
  "contact": [
    {
      "name": "David Hay",
      "telecom": [
        {
          "system": "email",
          "value": "mailto:david.hay25@gmail.com"
        }
      ]
    }
  ],
  "description": "Country codes",
  "content": "complete"
}