{
  "resourceType": "CodeSystem",
  "id": "name-suffix",
  "text": {
    "status": "generated",
    "div": "<div xmlns=\"http://www.w3.org/1999/xhtml\"><p>This code system https://standards.digital.health.nz/ns/name-suffix-code defines the following codes:</p><table class=\"codes\"><tr><td style=\"white-space:nowrap\"><b>Code</b></td></tr></table></div>"
  },
  "url": "https://standards.digital.health.nz/ns/name-suffix-code",
  "version": "0.10.0",
  "name": "NameSuffix",
  "title": "Name suffix codes",
  "status": "active",
  "date": "2022-03-04T03:26:59+00:00",
  "publisher": "David Hay",
  "contact": [
    {
      "name": "David Hay",
      "telecom": [
        {
          "system": "email",
          "value": "mailto:david.hay25@gmail.com"
        }
      ]
    }
  ],
  "description": "Types of name suffixes used by NH",
  "content": "complete"
}