{
  "resourceType": "CodeSystem",
  "id": "dhb-code",
  "text": {
    "status": "generated",
    "div": "<div xmlns=\"http://www.w3.org/1999/xhtml\"><p>This code system https://standards.digital.health.nz/ns/dhb-code defines the following codes:</p><table class=\"codes\"><tr><td style=\"white-space:nowrap\"><b>Code</b></td></tr></table></div>"
  },
  "url": "https://standards.digital.health.nz/ns/dhb-code",
  "version": "0.11.0 snapshot",
  "name": "DHBCode",
  "title": "DHB codes",
  "status": "active",
  "date": "2022-03-31T00:38:19+00:00",
  "publisher": "Ministry of Health",
  "contact": [
    {
      "name": "Ministry of Health",
      "telecom": [
        {
          "system": "email",
          "value": "mailto:integration@health.govt.nz"
        }
      ]
    }
  ],
  "description": "District Health Board codes",
  "content": "complete"
}