{
  "resourceType": "CodeSystem",
  "id": "nz-additional-sex-code",
  "text": {
    "status": "generated",
    "div": "<div xmlns=\"http://www.w3.org/1999/xhtml\"><p>This code system https://standards.digital.health.nz/ns/nz-additional-sex-code defines the following codes:</p><table class=\"codes\"><tr><td style=\"white-space:nowrap\"><b>Code</b></td><td><b>Display</b></td><td><b>Definition</b></td></tr><tr><td style=\"white-space:nowrap\">indeterminate<a name=\"nz-additional-sex-code-indeterminate\"> </a></td><td>Indeterminate</td><td>When the sex cannot be determined</td></tr></table></div>"
  },
  "url": "https://standards.digital.health.nz/ns/nz-additional-sex-code",
  "version": "0.1.0",
  "name": "AdditionalSex",
  "title": "Patient citizenship status",
  "status": "active",
  "date": "2022-02-09T00:08:56+00:00",
  "publisher": "David Hay",
  "contact": [
    {
      "name": "David Hay",
      "telecom": [
        {
          "system": "email",
          "value": "mailto:david.hay25@gmail.com"
        }
      ]
    }
  ],
  "description": "Additional sex values for Patient",
  "content": "complete",
  "count": 1,
  "concept": [
    {
      "code": "indeterminate",
      "display": "Indeterminate",
      "definition": "When the sex cannot be determined"
    }
  ]
}