<?xml version="1.0" encoding="UTF-8"?>

<Bundle xmlns="http://hl7.org/fhir">
  <id value="8bc15126-4b60-4006-a636-bed53895e1ac"/>
  <meta>
    <lastUpdated value="2024-05-31T01:00:14.724+00:00"/>
  </meta>
  <type value="collection"/>
  <entry>
    <fullUrl value="https://nzhts.digital.health.nz/fhir/ValueSet/nhi-contact-point-system-code"/>
    <resource>
      <ValueSet>
        <text>
          <status value="generated"/>
          <div xmlns="http://www.w3.org/1999/xhtml">
            <p style="border: black 1px dotted; background-color: #EEEEEE; padding: 8px; margin-bottom: 8px">Expansion based on 
              <a href="http://hl7.org/fhir/R4/codesystem-contact-point-system.html">codesystem ContactPointSystem v4.0.1 (CodeSystem)</a>
            </p>
            <p>This value set contains 2 concepts</p>
            <table class="codes">
              <tr>
                <td style="white-space:nowrap">
                  <b>Code</b>
                </td>
                <td>
                  <b>System</b>
                </td>
                <td>
                  <b>Display</b>
                </td>
                <td>
                  <b>Definition</b>
                </td>
              </tr>
              <tr>
                <td style="white-space:nowrap">
                  <a name="http---hl7.org-fhir-contact-point-system-phone"> </a>  
                  <a href="http://hl7.org/fhir/R4/codesystem-contact-point-system.html#contact-point-system-phone">phone</a>
                </td>
                <td>http://hl7.org/fhir/contact-point-system</td>
                <td>Phone</td>
                <td>
                  <div>
                    <p>The value is a telephone number used for voice calls. Use of full international numbers starting with + is recommended to enable automatic dialing support but not required.</p>

                  </div>
                </td>
              </tr>
              <tr>
                <td style="white-space:nowrap">
                  <a name="http---hl7.org-fhir-contact-point-system-email"> </a>  
                  <a href="http://hl7.org/fhir/R4/codesystem-contact-point-system.html#contact-point-system-email">email</a>
                </td>
                <td>http://hl7.org/fhir/contact-point-system</td>
                <td>Email</td>
                <td>
                  <div>
                    <p>The value is an email address.</p>

                  </div>
                </td>
              </tr>
            </table>
          </div>
        </text>
        <url value="https://nzhts.digital.health.nz/fhir/ValueSet/nhi-contact-point-system-code"/>
        <version value="1.5.2"/>
        <name value="NhiContactPointSystem"/>
        <title value="NHI ContactPoint System Codes"/>
        <status value="active"/>
        <experimental value="false"/>
        <date value="2023-01-30T00:00:00+13:00"/>
        <expansion>
          <identifier value="urn:uuid:02d6df84-9ebd-4409-8b61-1a65f9bcd902"/>
          <timestamp value="2024-05-31T01:01:21+00:00"/>
          <total value="2"/>
          <offset value="0"/>
          <parameter>
            <name value="count"/>
            <valueInteger value="1000"/>
          </parameter>
          <parameter>
            <name value="offset"/>
            <valueInteger value="0"/>
          </parameter>
          <parameter>
            <name value="excludeNested"/>
            <valueBoolean value="false"/>
          </parameter>
          <parameter>
            <name value="used-codesystem"/>
            <valueUri value="http://hl7.org/fhir/contact-point-system|4.0.1"/>
          </parameter>
          <contains>
            <system value="http://hl7.org/fhir/contact-point-system"/>
            <code value="phone"/>
            <display value="Phone"/>
          </contains>
          <contains>
            <system value="http://hl7.org/fhir/contact-point-system"/>
            <code value="email"/>
            <display value="Email"/>
          </contains>
        </expansion>
      </ValueSet>
    </resource>
  </entry>
  <entry>
    <fullUrl value="https://nzhts.digital.health.nz/fhir/ValueSet/nhiContactUseType"/>
    <resource>
      <ValueSet>
        <text>
          <status value="generated"/>
          <div xmlns="http://www.w3.org/1999/xhtml">
            <p style="border: black 1px dotted; background-color: #EEEEEE; padding: 8px; margin-bottom: 8px">Expansion based on 
              <a href="http://hl7.org/fhir/R4/codesystem-contact-point-use.html">codesystem ContactPointUse v4.0.1 (CodeSystem)</a>
            </p>
            <p>This value set contains 2 concepts</p>
            <table class="codes">
              <tr>
                <td style="white-space:nowrap">
                  <b>Code</b>
                </td>
                <td>
                  <b>System</b>
                </td>
                <td>
                  <b>Display</b>
                </td>
                <td>
                  <b>Definition</b>
                </td>
              </tr>
              <tr>
                <td style="white-space:nowrap">
                  <a name="http---hl7.org-fhir-contact-point-use-home"> </a>  
                  <a href="http://hl7.org/fhir/R4/codesystem-contact-point-use.html#contact-point-use-home">home</a>
                </td>
                <td>http://hl7.org/fhir/contact-point-use</td>
                <td>Home</td>
                <td>
                  <div>
                    <p>A communication contact point at a home; attempted contacts for business purposes might intrude privacy and chances are one will contact family or other household members instead of the person one wishes to call. Typically used with urgent cases, or if no other contacts are available.</p>

                  </div>
                </td>
              </tr>
              <tr>
                <td style="white-space:nowrap">
                  <a name="http---hl7.org-fhir-contact-point-use-mobile"> </a>  
                  <a href="http://hl7.org/fhir/R4/codesystem-contact-point-use.html#contact-point-use-mobile">mobile</a>
                </td>
                <td>http://hl7.org/fhir/contact-point-use</td>
                <td>Mobile</td>
                <td>
                  <div>
                    <p>A telecommunication device that moves and stays with its owner. May have characteristics of all other use codes, suitable for urgent matters, not the first choice for routine business.</p>

                  </div>
                </td>
              </tr>
            </table>
          </div>
        </text>
        <url value="https://nzhts.digital.health.nz/fhir/ValueSet/nhiContactUseType"/>
        <version value="1.5.2"/>
        <name value="NhiContactPointUse"/>
        <title value="NHI ContactPoint Use Codes"/>
        <status value="active"/>
        <experimental value="false"/>
        <date value="2023-01-30T00:00:00+13:00"/>
        <expansion>
          <identifier value="urn:uuid:056bbca1-b97d-42e7-a8b7-dd57aa6a8fd4"/>
          <timestamp value="2024-05-31T01:01:21+00:00"/>
          <total value="2"/>
          <offset value="0"/>
          <parameter>
            <name value="count"/>
            <valueInteger value="1000"/>
          </parameter>
          <parameter>
            <name value="offset"/>
            <valueInteger value="0"/>
          </parameter>
          <parameter>
            <name value="excludeNested"/>
            <valueBoolean value="false"/>
          </parameter>
          <parameter>
            <name value="used-codesystem"/>
            <valueUri value="http://hl7.org/fhir/contact-point-use|4.0.1"/>
          </parameter>
          <contains>
            <system value="http://hl7.org/fhir/contact-point-use"/>
            <code value="home"/>
            <display value="Home"/>
          </contains>
          <contains>
            <system value="http://hl7.org/fhir/contact-point-use"/>
            <code value="mobile"/>
            <display value="Mobile"/>
          </contains>
        </expansion>
      </ValueSet>
    </resource>
  </entry>
</Bundle>