{
  "resourceType" : "Bundle",
  "id" : "7987b85b-11a9-4cae-b06f-ce3d980e44a9",
  "meta" : {
    "lastUpdated" : "2023-08-23T22:23:52.825+00:00"
  },
  "type" : "collection",
  "entry" : [{
    "fullUrl" : "https://nzhts.digital.health.nz/fhir/ValueSet/nhiContactUseType",
    "resource" : {
      "resourceType" : "ValueSet",
      "text" : {
        "status" : "generated",
        "div" : "<div xmlns=\"http://www.w3.org/1999/xhtml\"><p>This value set contains 2 concepts</p><p style=\"border: black 1px dotted; background-color: #EEEEEE; padding: 8px; margin-bottom: 8px\">Expansion based on <a href=\"http://hl7.org/fhir/R4/codesystem-contact-point-use.html\">codesystem ContactPointUse v4.0.1 (CodeSystem)</a></p><table class=\"codes\"><tr><td style=\"white-space:nowrap\"><b>Code</b></td><td><b>System</b></td><td><b>Display</b></td><td><b>Definition</b></td></tr><tr><td style=\"white-space:nowrap\"><a name=\"http---hl7.org-fhir-contact-point-use-home\"> </a>\u00a0\u00a0<a href=\"http://hl7.org/fhir/R4/codesystem-contact-point-use.html#contact-point-use-home\">home</a></td><td>http://hl7.org/fhir/contact-point-use</td><td>Home</td><td><div><p>A communication contact point at a home; attempted contacts for business purposes might intrude privacy and chances are one will contact family or other household members instead of the person one wishes to call. Typically used with urgent cases, or if no other contacts are available.</p>\n</div></td></tr><tr><td style=\"white-space:nowrap\"><a name=\"http---hl7.org-fhir-contact-point-use-mobile\"> </a>\u00a0\u00a0<a href=\"http://hl7.org/fhir/R4/codesystem-contact-point-use.html#contact-point-use-mobile\">mobile</a></td><td>http://hl7.org/fhir/contact-point-use</td><td>Mobile</td><td><div><p>A telecommunication device that moves and stays with its owner. May have characteristics of all other use codes, suitable for urgent matters, not the first choice for routine business.</p>\n</div></td></tr></table></div>"
      },
      "url" : "https://nzhts.digital.health.nz/fhir/ValueSet/nhiContactUseType",
      "version" : "1.4.0",
      "name" : "NhiContactPointUse",
      "title" : "NHI ContactPoint Use Codes",
      "status" : "active",
      "experimental" : false,
      "date" : "2023-01-30T00:00:00+13:00",
      "expansion" : {
        "identifier" : "urn:uuid:7441dcee-9a2f-40ff-9fd3-904b5f058abf",
        "timestamp" : "2023-08-23T22:26:07+00:00",
        "total" : 2,
        "parameter" : [{
          "name" : "excludeNested",
          "valueBoolean" : false
        },
        {
          "name" : "used-codesystem",
          "valueUri" : "http://hl7.org/fhir/contact-point-use|4.0.1"
        }],
        "contains" : [{
          "system" : "http://hl7.org/fhir/contact-point-use",
          "code" : "home",
          "display" : "Home"
        },
        {
          "system" : "http://hl7.org/fhir/contact-point-use",
          "code" : "mobile",
          "display" : "Mobile"
        }]
      }
    }
  },
  {
    "fullUrl" : "https://nzhts.digital.health.nz/fhir/ValueSet/nhi-contact-point-system-code",
    "resource" : {
      "resourceType" : "ValueSet",
      "text" : {
        "status" : "generated",
        "div" : "<div xmlns=\"http://www.w3.org/1999/xhtml\"><p>This value set contains 2 concepts</p><p style=\"border: black 1px dotted; background-color: #EEEEEE; padding: 8px; margin-bottom: 8px\">Expansion based on <a href=\"http://hl7.org/fhir/R4/codesystem-contact-point-system.html\">codesystem ContactPointSystem v4.0.1 (CodeSystem)</a></p><table class=\"codes\"><tr><td style=\"white-space:nowrap\"><b>Code</b></td><td><b>System</b></td><td><b>Display</b></td><td><b>Definition</b></td></tr><tr><td style=\"white-space:nowrap\"><a name=\"http---hl7.org-fhir-contact-point-system-phone\"> </a>\u00a0\u00a0<a href=\"http://hl7.org/fhir/R4/codesystem-contact-point-system.html#contact-point-system-phone\">phone</a></td><td>http://hl7.org/fhir/contact-point-system</td><td>Phone</td><td><div><p>The value is a telephone number used for voice calls. Use of full international numbers starting with + is recommended to enable automatic dialing support but not required.</p>\n</div></td></tr><tr><td style=\"white-space:nowrap\"><a name=\"http---hl7.org-fhir-contact-point-system-email\"> </a>\u00a0\u00a0<a href=\"http://hl7.org/fhir/R4/codesystem-contact-point-system.html#contact-point-system-email\">email</a></td><td>http://hl7.org/fhir/contact-point-system</td><td>Email</td><td><div><p>The value is an email address.</p>\n</div></td></tr></table></div>"
      },
      "url" : "https://nzhts.digital.health.nz/fhir/ValueSet/nhi-contact-point-system-code",
      "version" : "1.4.0",
      "name" : "NhiContactPointSystem",
      "title" : "NHI ContactPoint System Codes",
      "status" : "active",
      "experimental" : false,
      "date" : "2023-01-30T00:00:00+13:00",
      "expansion" : {
        "identifier" : "urn:uuid:163f985c-afdf-423f-a481-4c20d2a12198",
        "timestamp" : "2023-08-23T22:26:07+00:00",
        "total" : 2,
        "parameter" : [{
          "name" : "excludeNested",
          "valueBoolean" : false
        },
        {
          "name" : "used-codesystem",
          "valueUri" : "http://hl7.org/fhir/contact-point-system|4.0.1"
        }],
        "contains" : [{
          "system" : "http://hl7.org/fhir/contact-point-system",
          "code" : "phone",
          "display" : "Phone"
        },
        {
          "system" : "http://hl7.org/fhir/contact-point-system",
          "code" : "email",
          "display" : "Email"
        }]
      }
    }
  }]
}