{
  "resourceType" : "Bundle",
  "id" : "ddf15ff8-aefe-4f5f-bccd-2fcef2aa59a0",
  "meta" : {
    "lastUpdated" : "2022-04-13T21:58:37.483+00:00"
  },
  "type" : "collection",
  "entry" : [{
    "fullUrl" : "https://nzhts.digital.health.nz/fhir/ValueSet/datum-code",
    "resource" : {
      "resourceType" : "ValueSet",
      "id" : "Datum",
      "text" : {
        "status" : "generated",
        "div" : "<div xmlns=\"http://www.w3.org/1999/xhtml\"><p>This value set contains 2 concepts</p><p style=\"border: black 1px dotted; background-color: #EEEEEE; padding: 8px; margin-bottom: 8px\">Expansion based on <a href=\"CodeSystem-Datum.html\">Datum Code v0.11.0 snapshot (CodeSystem)</a></p><p>All codes in this table are from the system <a href=\"CodeSystem-Datum.html\"><code>https://standards.digital.health.nz/ns/datum-code</code></a></p><table class=\"codes\"><tr><td style=\"white-space:nowrap\"><b>Code</b></td><td><b>Display</b></td><td><b>Definition</b></td></tr><tr><td style=\"white-space:nowrap\"><a name=\"https---standards.digital.health.nz-ns-datum-code-NZGD2000\"> </a><a href=\"CodeSystem-Datum.html#Datum-NZGD2000\">NZGD2000</a></td><td>NZ offical datum, used by MoH address service</td><td/></tr><tr><td style=\"white-space:nowrap\"><a name=\"https---standards.digital.health.nz-ns-datum-code-WGS84\"> </a><a href=\"CodeSystem-Datum.html#Datum-WGS84\">WGS84</a></td><td>global datum,  used by google maps</td><td/></tr></table></div>"
      },
      "url" : "https://nzhts.digital.health.nz/fhir/ValueSet/datum-code",
      "version" : "0.11.0 snapshot",
      "name" : "Datum",
      "title" : "Datum Code",
      "status" : "active",
      "date" : "2022-04-13T21:58:37+00:00",
      "publisher" : "Ministry of Health",
      "contact" : [{
        "name" : "Ministry of Health",
        "telecom" : [{
          "system" : "email",
          "value" : "mailto:integration@health.govt.nz"
        }]
      }],
      "description" : "Identifies the coordinate system used to specify points on a map",
      "expansion" : {
        "identifier" : "urn:uuid:b80d9758-371d-4868-b220-338262d31758",
        "timestamp" : "2022-04-13T21:59:38+00:00",
        "total" : 2,
        "parameter" : [{
          "name" : "excludeNested",
          "valueBoolean" : false
        },
        {
          "name" : "version",
          "valueUri" : "https://standards.digital.health.nz/ns/datum-code|0.11.0 snapshot"
        }],
        "contains" : [{
          "system" : "https://standards.digital.health.nz/ns/datum-code",
          "code" : "NZGD2000",
          "display" : "NZ offical datum, used by MoH address service"
        },
        {
          "system" : "https://standards.digital.health.nz/ns/datum-code",
          "code" : "WGS84",
          "display" : "global datum,  used by google maps"
        }]
      }
    }
  },
  {
    "fullUrl" : "https://nzhts.digital.health.nz/fhir/ValueSet/nhiaddressUse",
    "resource" : {
      "resourceType" : "ValueSet",
      "id" : "nhi-address-use",
      "text" : {
        "status" : "generated",
        "div" : "<div xmlns=\"http://www.w3.org/1999/xhtml\"><p>This value set contains 3 concepts</p><div style=\"border: black 1px dotted; background-color: #EEEEEE; padding: 8px; margin-bottom: 8px\"><p>Expansion based on: </p><ul><li><a href=\"http://hl7.org/fhir/R4/codesystem-address-use.html\">AddressUse v4.0.1 (CodeSystem)</a></li><li><a href=\"http://hl7.org/fhir/R4/valueset-address-use.html\">AddressUse v4.0.1 (ValueSet)</a></li></ul></div><p>All codes in this table are from the system <a href=\"http://hl7.org/fhir/R4/codesystem-address-use.html\"><code>http://hl7.org/fhir/address-use</code></a></p><table class=\"codes\"><tr><td style=\"white-space:nowrap\"><b>Code</b></td><td><b>Display</b></td><td><b>Definition</b></td></tr><tr><td style=\"white-space:nowrap\"><a name=\"http---hl7.org-fhir-address-use-home\"> </a><a href=\"http://hl7.org/fhir/R4/codesystem-address-use.html#address-use-home\">home</a></td><td>Home</td><td>A communication address at a home.</td></tr><tr><td style=\"white-space:nowrap\"><a name=\"http---hl7.org-fhir-address-use-temp\"> </a><a href=\"http://hl7.org/fhir/R4/codesystem-address-use.html#address-use-temp\">temp</a></td><td>Temporary</td><td>A temporary address. The period can provide more detailed information.</td></tr><tr><td style=\"white-space:nowrap\"><a name=\"http---hl7.org-fhir-address-use-old\"> </a><a href=\"http://hl7.org/fhir/R4/codesystem-address-use.html#address-use-old\">old</a></td><td>Old / Incorrect</td><td>This address is no longer in use (or was never correct but retained for records).</td></tr></table></div>"
      },
      "url" : "https://nzhts.digital.health.nz/fhir/ValueSet/nhiaddressUse",
      "version" : "0.11.0 snapshot",
      "name" : "NhiAddressUse",
      "title" : "NHI Address Use Codes",
      "status" : "active",
      "date" : "2022-04-13T21:58:37+00:00",
      "publisher" : "Ministry of Health",
      "contact" : [{
        "name" : "Ministry of Health",
        "telecom" : [{
          "system" : "email",
          "value" : "mailto:integration@health.govt.nz"
        }]
      }],
      "description" : "Uses of the address supported by the NHI",
      "expansion" : {
        "identifier" : "urn:uuid:e4b5a8ad-97c0-4b79-ae71-7af16d4dafc9",
        "timestamp" : "2022-04-13T21:59:38+00:00",
        "total" : 3,
        "parameter" : [{
          "name" : "excludeNested",
          "valueBoolean" : false
        },
        {
          "name" : "version",
          "valueUri" : "http://hl7.org/fhir/ValueSet/address-use|4.0.1"
        },
        {
          "name" : "version",
          "valueUri" : "http://hl7.org/fhir/address-use|4.0.1"
        }],
        "contains" : [{
          "system" : "http://hl7.org/fhir/address-use",
          "abstract" : false,
          "inactive" : false,
          "code" : "home",
          "display" : "Home"
        },
        {
          "system" : "http://hl7.org/fhir/address-use",
          "abstract" : false,
          "inactive" : false,
          "code" : "temp",
          "display" : "Temporary"
        },
        {
          "system" : "http://hl7.org/fhir/address-use",
          "abstract" : false,
          "inactive" : false,
          "code" : "old",
          "display" : "Old / Incorrect"
        }]
      }
    }
  },
  {
    "fullUrl" : "https://nzhts.digital.health.nz/fhir/ValueSet/nhi-identifier-use-code",
    "resource" : {
      "resourceType" : "ValueSet",
      "id" : "NhiIdentifierUse",
      "text" : {
        "status" : "generated",
        "div" : "<div xmlns=\"http://www.w3.org/1999/xhtml\"><p>This value set contains 2 concepts</p><p style=\"border: black 1px dotted; background-color: #EEEEEE; padding: 8px; margin-bottom: 8px\">Expansion based on <a href=\"http://hl7.org/fhir/R4/codesystem-identifier-use.html\">IdentifierUse v4.0.1 (CodeSystem)</a></p><p>All codes in this table are from the system <a href=\"http://hl7.org/fhir/R4/codesystem-identifier-use.html\"><code>http://hl7.org/fhir/identifier-use</code></a></p><table class=\"codes\"><tr><td style=\"white-space:nowrap\"><b>Code</b></td><td><b>Display</b></td><td><b>Definition</b></td></tr><tr><td style=\"white-space:nowrap\"><a name=\"http---hl7.org-fhir-identifier-use-official\"> </a><a href=\"http://hl7.org/fhir/R4/codesystem-identifier-use.html#identifier-use-official\">official</a></td><td>Official</td><td>The identifier considered to be most trusted for the identification of this item. Sometimes also known as &quot;primary&quot; and &quot;main&quot;. The determination of &quot;official&quot; is subjective and implementation guides often provide additional guidelines for use.</td></tr><tr><td style=\"white-space:nowrap\"><a name=\"http---hl7.org-fhir-identifier-use-old\"> </a><a href=\"http://hl7.org/fhir/R4/codesystem-identifier-use.html#identifier-use-old\">old</a></td><td>Old</td><td>The identifier id no longer considered valid, but may be relevant for search purposes.  E.g. Changes to identifier schemes, account merges, etc.</td></tr></table></div>"
      },
      "url" : "https://nzhts.digital.health.nz/fhir/ValueSet/nhi-identifier-use-code",
      "version" : "0.11.0 snapshot",
      "name" : "NhiIdentifierUse",
      "title" : "NHI Identifier",
      "status" : "active",
      "date" : "2022-04-13T21:58:37+00:00",
      "publisher" : "Ministry of Health",
      "contact" : [{
        "name" : "Ministry of Health",
        "telecom" : [{
          "system" : "email",
          "value" : "mailto:integration@health.govt.nz"
        }]
      }],
      "description" : "NHI Identifier",
      "expansion" : {
        "identifier" : "urn:uuid:512f2f8e-f2b2-4d40-ae44-fd0828b33e29",
        "timestamp" : "2022-04-13T21:59:38+00:00",
        "total" : 2,
        "parameter" : [{
          "name" : "excludeNested",
          "valueBoolean" : false
        },
        {
          "name" : "version",
          "valueUri" : "http://hl7.org/fhir/identifier-use|4.0.1"
        }],
        "contains" : [{
          "system" : "http://hl7.org/fhir/identifier-use",
          "code" : "official",
          "display" : "Official"
        },
        {
          "system" : "http://hl7.org/fhir/identifier-use",
          "code" : "old",
          "display" : "Old"
        }]
      }
    }
  }]
}