<?xml version="1.0" encoding="UTF-8"?>

<Bundle xmlns="http://hl7.org/fhir">
  <id value="578102f2-86f7-49f5-91a5-d277b327dcba"/>
  <meta>
    <lastUpdated value="2022-08-10T22:04:46.355+00:00"/>
  </meta>
  <type value="collection"/>
  <entry>
    <fullUrl value="https://nzhts.digital.health.nz/fhir/ValueSet/datum-code"/>
    <resource>
      <ValueSet>
        <id value="Datum"/>
        <text>
          <status value="generated"/>
          <div xmlns="http://www.w3.org/1999/xhtml">
            <p>This value set contains 2 concepts</p>
            <p style="border: black 1px dotted; background-color: #EEEEEE; padding: 8px; margin-bottom: 8px">Expansion based on 
              <a href="CodeSystem-Datum.html">Datum Code v0.11.0 snapshot (CodeSystem)</a>
            </p>
            <p>All codes in this table are from the system 
              <a href="CodeSystem-Datum.html">
                <code>https://standards.digital.health.nz/ns/datum-code</code>
              </a>
            </p>
            <table class="codes">
              <tr>
                <td style="white-space:nowrap">
                  <b>Code</b>
                </td>
                <td>
                  <b>Display</b>
                </td>
                <td>
                  <b>Definition</b>
                </td>
              </tr>
              <tr>
                <td style="white-space:nowrap">
                  <a name="https---standards.digital.health.nz-ns-datum-code-NZGD2000"> </a>
                  <a href="CodeSystem-Datum.html#Datum-NZGD2000">NZGD2000</a>
                </td>
                <td>NZ offical datum, used by MoH address service</td>
                <td/>
              </tr>
              <tr>
                <td style="white-space:nowrap">
                  <a name="https---standards.digital.health.nz-ns-datum-code-WGS84"> </a>
                  <a href="CodeSystem-Datum.html#Datum-WGS84">WGS84</a>
                </td>
                <td>global datum,  used by google maps</td>
                <td/>
              </tr>
            </table>
          </div>
        </text>
        <url value="https://nzhts.digital.health.nz/fhir/ValueSet/datum-code"/>
        <version value="0.11.0 snapshot"/>
        <name value="Datum"/>
        <title value="Datum Code"/>
        <status value="active"/>
        <date value="2022-08-10T22:04:46+00:00"/>
        <publisher value="Ministry of Health"/>
        <contact>
          <name value="Ministry of Health"/>
          <telecom>
            <system value="email"/>
            <value value="mailto:integration@health.govt.nz"/>
          </telecom>
        </contact>
        <description value="Identifies the coordinate system used to specify points on a map"/>
        <expansion>
          <identifier value="urn:uuid:91005323-d9cf-43ff-b206-a87f362c3a90"/>
          <timestamp value="2022-08-10T22:05:48+00:00"/>
          <total value="2"/>
          <parameter>
            <name value="excludeNested"/>
            <valueBoolean value="false"/>
          </parameter>
          <parameter>
            <name value="version"/>
            <valueUri value="https://standards.digital.health.nz/ns/datum-code|0.11.0 snapshot"/>
          </parameter>
          <contains>
            <system value="https://standards.digital.health.nz/ns/datum-code"/>
            <code value="NZGD2000"/>
            <display value="NZ offical datum, used by MoH address service"/>
          </contains>
          <contains>
            <system value="https://standards.digital.health.nz/ns/datum-code"/>
            <code value="WGS84"/>
            <display value="global datum,  used by google maps"/>
          </contains>
        </expansion>
      </ValueSet>
    </resource>
  </entry>
  <entry>
    <fullUrl value="https://nzhts.digital.health.nz/fhir/ValueSet/nhiaddressUse"/>
    <resource>
      <ValueSet>
        <id value="nhi-address-use"/>
        <text>
          <status value="generated"/>
          <div xmlns="http://www.w3.org/1999/xhtml">
            <p>This value set contains 3 concepts</p>
            <div style="border: black 1px dotted; background-color: #EEEEEE; padding: 8px; margin-bottom: 8px">
              <p>Expansion based on: </p>
              <ul>
                <li>
                  <a href="http://hl7.org/fhir/R4/codesystem-address-use.html">AddressUse v4.0.1 (CodeSystem)</a>
                </li>
                <li>
                  <a href="http://hl7.org/fhir/R4/valueset-address-use.html">AddressUse v4.0.1 (ValueSet)</a>
                </li>
              </ul>
            </div>
            <p>All codes in this table are from the system 
              <a href="http://hl7.org/fhir/R4/codesystem-address-use.html">
                <code>http://hl7.org/fhir/address-use</code>
              </a>
            </p>
            <table class="codes">
              <tr>
                <td style="white-space:nowrap">
                  <b>Code</b>
                </td>
                <td>
                  <b>Display</b>
                </td>
                <td>
                  <b>Definition</b>
                </td>
              </tr>
              <tr>
                <td style="white-space:nowrap">
                  <a name="http---hl7.org-fhir-address-use-home"> </a>
                  <a href="http://hl7.org/fhir/R4/codesystem-address-use.html#address-use-home">home</a>
                </td>
                <td>Home</td>
                <td>A communication address at a home.</td>
              </tr>
              <tr>
                <td style="white-space:nowrap">
                  <a name="http---hl7.org-fhir-address-use-temp"> </a>
                  <a href="http://hl7.org/fhir/R4/codesystem-address-use.html#address-use-temp">temp</a>
                </td>
                <td>Temporary</td>
                <td>A temporary address. The period can provide more detailed information.</td>
              </tr>
              <tr>
                <td style="white-space:nowrap">
                  <a name="http---hl7.org-fhir-address-use-old"> </a>
                  <a href="http://hl7.org/fhir/R4/codesystem-address-use.html#address-use-old">old</a>
                </td>
                <td>Old / Incorrect</td>
                <td>This address is no longer in use (or was never correct but retained for records).</td>
              </tr>
            </table>
          </div>
        </text>
        <url value="https://nzhts.digital.health.nz/fhir/ValueSet/nhiaddressUse"/>
        <version value="0.11.0 snapshot"/>
        <name value="NhiAddressUse"/>
        <title value="NHI Address Use Codes"/>
        <status value="active"/>
        <date value="2022-08-10T22:04:46+00:00"/>
        <publisher value="Ministry of Health"/>
        <contact>
          <name value="Ministry of Health"/>
          <telecom>
            <system value="email"/>
            <value value="mailto:integration@health.govt.nz"/>
          </telecom>
        </contact>
        <description value="Uses of the address supported by the NHI"/>
        <expansion>
          <identifier value="urn:uuid:8664e46a-b6ba-46d4-a108-d9e8cbd9dc3b"/>
          <timestamp value="2022-08-10T22:05:48+00:00"/>
          <total value="3"/>
          <parameter>
            <name value="excludeNested"/>
            <valueBoolean value="false"/>
          </parameter>
          <parameter>
            <name value="version"/>
            <valueUri value="http://hl7.org/fhir/ValueSet/address-use|4.0.1"/>
          </parameter>
          <parameter>
            <name value="version"/>
            <valueUri value="http://hl7.org/fhir/address-use|4.0.1"/>
          </parameter>
          <contains>
            <system value="http://hl7.org/fhir/address-use"/>
            <abstract value="false"/>
            <inactive value="false"/>
            <code value="home"/>
            <display value="Home"/>
          </contains>
          <contains>
            <system value="http://hl7.org/fhir/address-use"/>
            <abstract value="false"/>
            <inactive value="false"/>
            <code value="temp"/>
            <display value="Temporary"/>
          </contains>
          <contains>
            <system value="http://hl7.org/fhir/address-use"/>
            <abstract value="false"/>
            <inactive value="false"/>
            <code value="old"/>
            <display value="Old / Incorrect"/>
          </contains>
        </expansion>
      </ValueSet>
    </resource>
  </entry>
  <entry>
    <fullUrl value="https://nzhts.digital.health.nz/fhir/ValueSet/nhi-identifier-use-code"/>
    <resource>
      <ValueSet>
        <id value="NhiIdentifierUse"/>
        <text>
          <status value="generated"/>
          <div xmlns="http://www.w3.org/1999/xhtml">
            <p>This value set contains 2 concepts</p>
            <p style="border: black 1px dotted; background-color: #EEEEEE; padding: 8px; margin-bottom: 8px">Expansion based on 
              <a href="http://hl7.org/fhir/R4/codesystem-identifier-use.html">IdentifierUse v4.0.1 (CodeSystem)</a>
            </p>
            <p>All codes in this table are from the system 
              <a href="http://hl7.org/fhir/R4/codesystem-identifier-use.html">
                <code>http://hl7.org/fhir/identifier-use</code>
              </a>
            </p>
            <table class="codes">
              <tr>
                <td style="white-space:nowrap">
                  <b>Code</b>
                </td>
                <td>
                  <b>Display</b>
                </td>
                <td>
                  <b>Definition</b>
                </td>
              </tr>
              <tr>
                <td style="white-space:nowrap">
                  <a name="http---hl7.org-fhir-identifier-use-official"> </a>
                  <a href="http://hl7.org/fhir/R4/codesystem-identifier-use.html#identifier-use-official">official</a>
                </td>
                <td>Official</td>
                <td>The identifier considered to be most trusted for the identification of this item. Sometimes also known as &quot;primary&quot; and &quot;main&quot;. The determination of &quot;official&quot; is subjective and implementation guides often provide additional guidelines for use.</td>
              </tr>
              <tr>
                <td style="white-space:nowrap">
                  <a name="http---hl7.org-fhir-identifier-use-old"> </a>
                  <a href="http://hl7.org/fhir/R4/codesystem-identifier-use.html#identifier-use-old">old</a>
                </td>
                <td>Old</td>
                <td>The identifier id no longer considered valid, but may be relevant for search purposes.  E.g. Changes to identifier schemes, account merges, etc.</td>
              </tr>
            </table>
          </div>
        </text>
        <url value="https://nzhts.digital.health.nz/fhir/ValueSet/nhi-identifier-use-code"/>
        <version value="0.11.0 snapshot"/>
        <name value="NhiIdentifierUse"/>
        <title value="NHI Identifier"/>
        <status value="active"/>
        <date value="2022-08-10T22:04:46+00:00"/>
        <publisher value="Ministry of Health"/>
        <contact>
          <name value="Ministry of Health"/>
          <telecom>
            <system value="email"/>
            <value value="mailto:integration@health.govt.nz"/>
          </telecom>
        </contact>
        <description value="NHI Identifier"/>
        <expansion>
          <identifier value="urn:uuid:1cfa6e3e-5e08-4c55-8b97-a1fab139bfa8"/>
          <timestamp value="2022-08-10T22:05:48+00:00"/>
          <total value="2"/>
          <parameter>
            <name value="excludeNested"/>
            <valueBoolean value="false"/>
          </parameter>
          <parameter>
            <name value="version"/>
            <valueUri value="http://hl7.org/fhir/identifier-use|4.0.1"/>
          </parameter>
          <contains>
            <system value="http://hl7.org/fhir/identifier-use"/>
            <code value="official"/>
            <display value="Official"/>
          </contains>
          <contains>
            <system value="http://hl7.org/fhir/identifier-use"/>
            <code value="old"/>
            <display value="Old"/>
          </contains>
        </expansion>
      </ValueSet>
    </resource>
  </entry>
</Bundle>