<?xml version="1.0" encoding="UTF-8"?>

<Bundle xmlns="http://hl7.org/fhir">
  <id value="cf676cb9-89d6-4916-8e44-b84593687536"/>
  <meta>
    <lastUpdated value="2022-09-12T22:31:20.679+00:00"/>
  </meta>
  <type value="collection"/>
  <entry>
    <fullUrl value="https://nzhts.digital.health.nz/fhir/ValueSet/nhiaddressUse"/>
    <resource>
      <ValueSet>
        <id value="nhi-address-use"/>
        <text>
          <status value="generated"/>
          <div xmlns="http://www.w3.org/1999/xhtml">
            <p>This value set contains 3 concepts</p>
            <div style="border: black 1px dotted; background-color: #EEEEEE; padding: 8px; margin-bottom: 8px">
              <p>Expansion based on: </p>
              <ul>
                <li>
                  <a href="http://hl7.org/fhir/R4/codesystem-address-use.html">AddressUse v4.0.1 (CodeSystem)</a>
                </li>
                <li>
                  <a href="http://hl7.org/fhir/R4/valueset-address-use.html">AddressUse v4.0.1 (ValueSet)</a>
                </li>
              </ul>
            </div>
            <p>All codes in this table are from the system 
              <a href="http://hl7.org/fhir/R4/codesystem-address-use.html">
                <code>http://hl7.org/fhir/address-use</code>
              </a>
            </p>
            <table class="codes">
              <tr>
                <td style="white-space:nowrap">
                  <b>Code</b>
                </td>
                <td>
                  <b>Display</b>
                </td>
                <td>
                  <b>Definition</b>
                </td>
              </tr>
              <tr>
                <td style="white-space:nowrap">
                  <a name="http---hl7.org-fhir-address-use-home"> </a>
                  <a href="http://hl7.org/fhir/R4/codesystem-address-use.html#address-use-home">home</a>
                </td>
                <td>Home</td>
                <td>A communication address at a home.</td>
              </tr>
              <tr>
                <td style="white-space:nowrap">
                  <a name="http---hl7.org-fhir-address-use-temp"> </a>
                  <a href="http://hl7.org/fhir/R4/codesystem-address-use.html#address-use-temp">temp</a>
                </td>
                <td>Temporary</td>
                <td>A temporary address. The period can provide more detailed information.</td>
              </tr>
              <tr>
                <td style="white-space:nowrap">
                  <a name="http---hl7.org-fhir-address-use-old"> </a>
                  <a href="http://hl7.org/fhir/R4/codesystem-address-use.html#address-use-old">old</a>
                </td>
                <td>Old / Incorrect</td>
                <td>This address is no longer in use (or was never correct but retained for records).</td>
              </tr>
            </table>
          </div>
        </text>
        <url value="https://nzhts.digital.health.nz/fhir/ValueSet/nhiaddressUse"/>
        <version value="1.0.1"/>
        <name value="NhiAddressUse"/>
        <title value="NHI Address Use Codes"/>
        <status value="active"/>
        <date value="2022-09-12T22:31:20+00:00"/>
        <publisher value="Te Whatu Ora"/>
        <contact>
          <name value="Te Whatu Ora"/>
          <telecom>
            <system value="email"/>
            <value value="mailto:integration@health.govt.nz"/>
          </telecom>
        </contact>
        <description value="Uses of the address supported by the NHI"/>
        <expansion>
          <identifier value="urn:uuid:8f6e55f6-ac93-4e74-b78a-43927e7bc6e4"/>
          <timestamp value="2022-09-12T22:32:08+00:00"/>
          <total value="3"/>
          <parameter>
            <name value="excludeNested"/>
            <valueBoolean value="false"/>
          </parameter>
          <parameter>
            <name value="version"/>
            <valueUri value="http://hl7.org/fhir/ValueSet/address-use|4.0.1"/>
          </parameter>
          <parameter>
            <name value="version"/>
            <valueUri value="http://hl7.org/fhir/address-use|4.0.1"/>
          </parameter>
          <contains>
            <system value="http://hl7.org/fhir/address-use"/>
            <abstract value="false"/>
            <inactive value="false"/>
            <code value="home"/>
            <display value="Home"/>
          </contains>
          <contains>
            <system value="http://hl7.org/fhir/address-use"/>
            <abstract value="false"/>
            <inactive value="false"/>
            <code value="temp"/>
            <display value="Temporary"/>
          </contains>
          <contains>
            <system value="http://hl7.org/fhir/address-use"/>
            <abstract value="false"/>
            <inactive value="false"/>
            <code value="old"/>
            <display value="Old / Incorrect"/>
          </contains>
        </expansion>
      </ValueSet>
    </resource>
  </entry>
  <entry>
    <fullUrl value="https://nzhts.digital.health.nz/fhir/ValueSet/nhi-identifier-use-code"/>
    <resource>
      <ValueSet>
        <id value="NhiIdentifierUse"/>
        <text>
          <status value="generated"/>
          <div xmlns="http://www.w3.org/1999/xhtml">
            <p>This value set contains 2 concepts</p>
            <p style="border: black 1px dotted; background-color: #EEEEEE; padding: 8px; margin-bottom: 8px">Expansion based on 
              <a href="http://hl7.org/fhir/R4/codesystem-identifier-use.html">IdentifierUse v4.0.1 (CodeSystem)</a>
            </p>
            <p>All codes in this table are from the system 
              <a href="http://hl7.org/fhir/R4/codesystem-identifier-use.html">
                <code>http://hl7.org/fhir/identifier-use</code>
              </a>
            </p>
            <table class="codes">
              <tr>
                <td style="white-space:nowrap">
                  <b>Code</b>
                </td>
                <td>
                  <b>Display</b>
                </td>
                <td>
                  <b>Definition</b>
                </td>
              </tr>
              <tr>
                <td style="white-space:nowrap">
                  <a name="http---hl7.org-fhir-identifier-use-official"> </a>
                  <a href="http://hl7.org/fhir/R4/codesystem-identifier-use.html#identifier-use-official">official</a>
                </td>
                <td>Official</td>
                <td>The identifier considered to be most trusted for the identification of this item. Sometimes also known as &quot;primary&quot; and &quot;main&quot;. The determination of &quot;official&quot; is subjective and implementation guides often provide additional guidelines for use.</td>
              </tr>
              <tr>
                <td style="white-space:nowrap">
                  <a name="http---hl7.org-fhir-identifier-use-old"> </a>
                  <a href="http://hl7.org/fhir/R4/codesystem-identifier-use.html#identifier-use-old">old</a>
                </td>
                <td>Old</td>
                <td>The identifier id no longer considered valid, but may be relevant for search purposes.  E.g. Changes to identifier schemes, account merges, etc.</td>
              </tr>
            </table>
          </div>
        </text>
        <url value="https://nzhts.digital.health.nz/fhir/ValueSet/nhi-identifier-use-code"/>
        <version value="1.0.1"/>
        <name value="NhiIdentifierUse"/>
        <title value="NHI Identifier"/>
        <status value="active"/>
        <date value="2022-09-12T22:31:20+00:00"/>
        <publisher value="Te Whatu Ora"/>
        <contact>
          <name value="Te Whatu Ora"/>
          <telecom>
            <system value="email"/>
            <value value="mailto:integration@health.govt.nz"/>
          </telecom>
        </contact>
        <description value="NHI Identifier"/>
        <expansion>
          <identifier value="urn:uuid:45403ade-d833-4edc-b992-f5fe102ae6d8"/>
          <timestamp value="2022-09-12T22:32:08+00:00"/>
          <total value="2"/>
          <parameter>
            <name value="excludeNested"/>
            <valueBoolean value="false"/>
          </parameter>
          <parameter>
            <name value="version"/>
            <valueUri value="http://hl7.org/fhir/identifier-use|4.0.1"/>
          </parameter>
          <contains>
            <system value="http://hl7.org/fhir/identifier-use"/>
            <code value="official"/>
            <display value="Official"/>
          </contains>
          <contains>
            <system value="http://hl7.org/fhir/identifier-use"/>
            <code value="old"/>
            <display value="Old"/>
          </contains>
        </expansion>
      </ValueSet>
    </resource>
  </entry>
</Bundle>