{
  "resourceType" : "OperationDefinition",
  "id" : "Patient-remove-postal-address",
  "text" : {
    "status" : "generated",
    "div" : "<div xmlns=\"http://www.w3.org/1999/xhtml\"><p class=\"res-header-id\"><b>Generated Narrative: OperationDefinition Patient-remove-postal-address</b></p><a name=\"Patient-remove-postal-address\"> </a><a name=\"hcPatient-remove-postal-address\"> </a><p>URL: [base]/Patient/[id]/$remove-postal-address</p><h3>Parameters</h3><table class=\"grid\"><tr><td><b>Use</b></td><td><b>Name</b></td><td><b>Scope</b></td><td><b>Cardinality</b></td><td><b>Type</b></td><td><b>Binding</b></td><td><b>Documentation</b></td></tr><tr><td>IN</td><td>nhi</td><td/><td>1..1</td><td><a href=\"http://hl7.org/fhir/R4/datatypes.html#string\">string</a></td><td/><td><div><p>The Patient's nhi number</p>\n</div></td></tr><tr><td>IN</td><td>version-id</td><td/><td>1..1</td><td><a href=\"http://hl7.org/fhir/R4/datatypes.html#string\">string</a></td><td/><td><div><p>The current value of the patient resources meta.versionId</p>\n</div></td></tr><tr><td>OUT</td><td>return</td><td/><td>0..1</td><td><a href=\"http://hl7.org/fhir/R4/patient.html\">Patient</a></td><td/><td><div><p>The updated patient resource</p>\n</div></td></tr><tr><td>OUT</td><td>failure</td><td/><td>0..1</td><td><a href=\"http://hl7.org/fhir/R4/operationoutcome.html\">OperationOutcome</a></td><td/><td><div><p>Error response</p>\n</div></td></tr></table><div><p>The parameters are validated.  The postal address on the nhi record is made inactive.</p>\n</div></div>"
  },
  "url" : "https://nhi-ig.hip.digital.health.nz/OperationDefinition/remove-postal-address",
  "version" : "1.6.5",
  "name" : "Remove Postal Address",
  "title" : "Remove a patient's postal address.",
  "status" : "draft",
  "kind" : "operation",
  "experimental" : false,
  "date" : "2023-06-12T12:47:40+10:00",
  "publisher" : "Te Whatu Ora",
  "contact" : [{
    "name" : "Te Whatu Ora",
    "telecom" : [{
      "system" : "email",
      "value" : "mailto:integration@health.govt.nz"
    }]
  }],
  "description" : "An operation to add a name to a patient's NHI record",
  "affectsState" : true,
  "code" : "remove-postal-address",
  "comment" : "The parameters are validated.  The postal address on the nhi record is made inactive.",
  "resource" : ["Patient"],
  "system" : false,
  "type" : false,
  "instance" : true,
  "parameter" : [{
    "name" : "nhi",
    "use" : "in",
    "min" : 1,
    "max" : "1",
    "documentation" : "The Patient's nhi number",
    "type" : "string"
  },
  {
    "name" : "version-id",
    "use" : "in",
    "min" : 1,
    "max" : "1",
    "documentation" : "The current value of the patient resources meta.versionId",
    "type" : "string"
  },
  {
    "name" : "return",
    "use" : "out",
    "min" : 0,
    "max" : "1",
    "documentation" : "The updated patient resource",
    "type" : "Patient"
  },
  {
    "name" : "failure",
    "use" : "out",
    "min" : 0,
    "max" : "1",
    "documentation" : "Error response",
    "type" : "OperationOutcome"
  }]
}