<?xml version="1.0" encoding="UTF-8"?>

<OperationDefinition xmlns="http://hl7.org/fhir">
  <id value="Patient-update-birth"/>
  <text>
    <status value="generated"/><div xmlns="http://www.w3.org/1999/xhtml"><p class="res-header-id"><b>Generated Narrative: OperationDefinition Patient-update-birth</b></p><a name="Patient-update-birth"> </a><a name="hcPatient-update-birth"> </a><p>URL: [base]/Patient/[id]/$update-birth</p><h3>Parameters</h3><table class="grid"><tr><td><b>Use</b></td><td><b>Name</b></td><td><b>Scope</b></td><td><b>Cardinality</b></td><td><b>Type</b></td><td><b>Binding</b></td><td><b>Documentation</b></td></tr><tr><td>IN</td><td>nhi</td><td/><td>1..1</td><td><a href="http://hl7.org/fhir/R4/datatypes.html#string">string</a></td><td/><td><div><p>The Patient's nhi number</p>
</div></td></tr><tr><td>IN</td><td>version-id</td><td/><td>1..1</td><td><a href="http://hl7.org/fhir/R4/datatypes.html#string">string</a></td><td/><td><div><p>The current value of the patient resources meta.versionId</p>
</div></td></tr><tr><td>IN</td><td>birthdate</td><td/><td>0..1</td><td><a href="http://hl7.org/fhir/R4/datatypes.html#string">string</a></td><td/><td><div><p>The patient's date of birth</p>
</div></td></tr><tr><td>IN</td><td>birthdate-information-source</td><td/><td>1..1</td><td><a href="http://hl7.org/fhir/R4/datatypes.html#string">string</a></td><td/><td><div><p>The information source for the patient's date of birth</p>
</div></td></tr><tr><td>IN</td><td>country-of-birth</td><td/><td>0..1</td><td><a href="http://hl7.org/fhir/R4/datatypes.html#string">string</a></td><td/><td><div><p>The patient's country of birth</p>
</div></td></tr><tr><td>IN</td><td>country-of-birth-information-source</td><td/><td>0..1</td><td><a href="http://hl7.org/fhir/R4/datatypes.html#string">string</a></td><td/><td><div><p>The information source for the patient's country of birth</p>
</div></td></tr><tr><td>IN</td><td>place-of-birth</td><td/><td>0..1</td><td><a href="http://hl7.org/fhir/R4/datatypes.html#string">string</a></td><td/><td><div><p>The place where the person as born, E.g. Whangārei. Only populate if country-of-birth is populated</p>
</div></td></tr><tr><td>OUT</td><td>return</td><td/><td>0..1</td><td><a href="http://hl7.org/fhir/R4/patient.html">Patient</a></td><td/><td><div><p>The updated patient resource</p>
</div></td></tr><tr><td>OUT</td><td>failure</td><td/><td>0..1</td><td><a href="http://hl7.org/fhir/R4/operationoutcome.html">OperationOutcome</a></td><td/><td><div><p>Error response</p>
</div></td></tr></table><div><p>The NHI is validated, the versionId is validated, the parameters validated. If all request parameters are valid the included items are updated on the Patients NHI record.</p>
</div></div>
  </text>
  <url value="https://nhi-ig.hip.digital.health.nz/OperationDefinition/update-birth"/>
  <version value="1.6.5"/>
  <name value="Update Birth Details"/>
  <title value="Update patient's birth details"/>
  <status value="draft"/>
  <kind value="operation"/>
  <experimental value="false"/>
  <date value="2023-06-12T12:47:40+10:00"/>
  <publisher value="Te Whatu Ora"/>
  <contact>
    <name value="Te Whatu Ora"/>
    <telecom>
      <system value="email"/>
      <value value="mailto:integration@health.govt.nz"/>
    </telecom>
  </contact>
  <description value="Update patient's birth details."/>
  <affectsState value="true"/>
  <code value="update-birth"/>
  <comment value="The NHI is validated, the versionId is validated, the parameters validated. If all request parameters are valid the included items are updated on the Patients NHI record."/>
  <resource value="Patient"/>
  <system value="false"/>
  <type value="false"/>
  <instance value="true"/>
  <parameter>
    <name value="nhi"/>
    <use value="in"/>
    <min value="1"/>
    <max value="1"/>
    <documentation value="The Patient's nhi number"/>
    <type value="string"/>
  </parameter>
  <parameter>
    <name value="version-id"/>
    <use value="in"/>
    <min value="1"/>
    <max value="1"/>
    <documentation value="The current value of the patient resources meta.versionId"/>
    <type value="string"/>
  </parameter>
  <parameter>
    <name value="birthdate"/>
    <use value="in"/>
    <min value="0"/>
    <max value="1"/>
    <documentation value="The patient's date of birth"/>
    <type value="string"/>
  </parameter>
  <parameter>
    <name value="birthdate-information-source"/>
    <use value="in"/>
    <min value="1"/>
    <max value="1"/>
    <documentation value="The information source for the patient's date of birth"/>
    <type value="string"/>
  </parameter>
  <parameter>
    <name value="country-of-birth"/>
    <use value="in"/>
    <min value="0"/>
    <max value="1"/>
    <documentation value="The patient's country of birth"/>
    <type value="string"/>
  </parameter>
  <parameter>
    <name value="country-of-birth-information-source"/>
    <use value="in"/>
    <min value="0"/>
    <max value="1"/>
    <documentation value="The information source for the patient's country of birth"/>
    <type value="string"/>
  </parameter>
  <parameter>
    <name value="place-of-birth"/>
    <use value="in"/>
    <min value="0"/>
    <max value="1"/>
    <documentation value="The place where the person as born, E.g. Whangārei. Only populate if country-of-birth is populated"/>
    <type value="string"/>
  </parameter>
  <parameter>
    <name value="return"/>
    <use value="out"/>
    <min value="0"/>
    <max value="1"/>
    <documentation value="The updated patient resource"/>
    <type value="Patient"/>
  </parameter>
  <parameter>
    <name value="failure"/>
    <use value="out"/>
    <min value="0"/>
    <max value="1"/>
    <documentation value="Error response"/>
    <type value="OperationOutcome"/>
  </parameter>
</OperationDefinition>