<?xml version="1.0" encoding="UTF-8"?>

<OperationDefinition xmlns="http://hl7.org/fhir">
  <id value="Patient-remove-postal-address"/>
  <text>
    <status value="generated"/><div xmlns="http://www.w3.org/1999/xhtml"><p class="res-header-id"><b>Generated Narrative: OperationDefinition Patient-remove-postal-address</b></p><a name="Patient-remove-postal-address"> </a><a name="hcPatient-remove-postal-address"> </a><a name="Patient-remove-postal-address-en-US"> </a><p>URL: [base]/Patient/[id]/$remove-postal-address</p><p>Parameters</p><table class="grid"><tr><td><b>Use</b></td><td><b>Name</b></td><td><b>Scope</b></td><td><b>Cardinality</b></td><td><b>Type</b></td><td><b>Binding</b></td><td><b>Documentation</b></td></tr><tr><td>IN</td><td>nhi</td><td/><td>1..1</td><td><a href="http://hl7.org/fhir/R4/datatypes.html#string">string</a></td><td/><td><div><p>The Patient's nhi number</p>
</div></td></tr><tr><td>IN</td><td>version-id</td><td/><td>1..1</td><td><a href="http://hl7.org/fhir/R4/datatypes.html#string">string</a></td><td/><td><div><p>The current value of the patient resources meta.versionId</p>
</div></td></tr><tr><td>OUT</td><td>return</td><td/><td>0..1</td><td><a href="http://hl7.org/fhir/R4/patient.html">Patient</a></td><td/><td><div><p>The updated patient resource</p>
</div></td></tr><tr><td>OUT</td><td>failure</td><td/><td>0..1</td><td><a href="http://hl7.org/fhir/R4/operationoutcome.html">OperationOutcome</a></td><td/><td><div><p>Error response</p>
</div></td></tr></table><div><p>The parameters are validated.  The postal address on the nhi record is made inactive.</p>
</div></div>
  </text>
  <url value="https://nhi-ig.hip.digital.health.nz/OperationDefinition/remove-postal-address"/>
  <version value="1.5.5"/>
  <name value="Remove Postal Address"/>
  <title value="Remove a patient's postal address."/>
  <status value="draft"/>
  <kind value="operation"/>
  <experimental value="false"/>
  <date value="2023-06-12T12:47:40+10:00"/>
  <publisher value="Te Whatu Ora"/>
  <contact>
    <name value="Te Whatu Ora"/>
    <telecom>
      <system value="email"/>
      <value value="mailto:integration@health.govt.nz"/>
    </telecom>
  </contact>
  <description value="An operation to add a name to a patient's NHI record"/>
  <affectsState value="true"/>
  <code value="remove-postal-address"/>
  <comment value="The parameters are validated.  The postal address on the nhi record is made inactive."/>
  <resource value="Patient"/>
  <system value="false"/>
  <type value="false"/>
  <instance value="true"/>
  <parameter>
    <name value="nhi"/>
    <use value="in"/>
    <min value="1"/>
    <max value="1"/>
    <documentation value="The Patient's nhi number"/>
    <type value="string"/>
  </parameter>
  <parameter>
    <name value="version-id"/>
    <use value="in"/>
    <min value="1"/>
    <max value="1"/>
    <documentation value="The current value of the patient resources meta.versionId"/>
    <type value="string"/>
  </parameter>
  <parameter>
    <name value="return"/>
    <use value="out"/>
    <min value="0"/>
    <max value="1"/>
    <documentation value="The updated patient resource"/>
    <type value="Patient"/>
  </parameter>
  <parameter>
    <name value="failure"/>
    <use value="out"/>
    <min value="0"/>
    <max value="1"/>
    <documentation value="Error response"/>
    <type value="OperationOutcome"/>
  </parameter>
</OperationDefinition>