<?xml version="1.0" encoding="UTF-8"?>

<OperationDefinition xmlns="http://hl7.org/fhir">
  <id value="Patient-update-birth"/>
  <text>
    <status value="extensions"/><div xmlns="http://www.w3.org/1999/xhtml">Placeholder</div>
  </text>
  <url value="https://nhi-ig.hip.digital.health.nz/OperationDefinition/update-birth"/>
  <version value="1.4.0"/>
  <name value="Update Birth Details"/>
  <title value="Update patient's birth details"/>
  <status value="draft"/>
  <kind value="operation"/>
  <experimental value="false"/>
  <date value="2023-06-12T12:47:40+10:00"/>
  <publisher value="Te Whatu Ora"/>
  <contact>
    <name value="Te Whatu Ora"/>
    <telecom>
      <system value="email"/>
      <value value="mailto:integration@health.govt.nz"/>
    </telecom>
  </contact>
  <description value="Update patient's birth details."/>
  <affectsState value="true"/>
  <code value="update-birth"/>
  <comment value="The NHI is validated, the versionId is validated, the parameters validated. If all request parameters are valid the included items are updated on the Patients NHI record."/>
  <resource value="Patient"/>
  <system value="false"/>
  <type value="false"/>
  <instance value="true"/>
  <parameter>
    <name value="nhi"/>
    <use value="in"/>
    <min value="1"/>
    <max value="1"/>
    <documentation value="The Patient's nhi number"/>
    <type value="string"/>
  </parameter>
  <parameter>
    <name value="version-id"/>
    <use value="in"/>
    <min value="1"/>
    <max value="1"/>
    <documentation value="The current value of the patient resources meta.versionId"/>
    <type value="string"/>
  </parameter>
  <parameter>
    <name value="birthdate"/>
    <use value="in"/>
    <min value="0"/>
    <max value="1"/>
    <documentation value="The patient's date of birth"/>
    <type value="string"/>
  </parameter>
  <parameter>
    <name value="birthdate-information-source"/>
    <use value="in"/>
    <min value="1"/>
    <max value="1"/>
    <documentation value="The information source for the patient's date of birth"/>
    <type value="string"/>
  </parameter>
  <parameter>
    <name value="country-of-birth"/>
    <use value="in"/>
    <min value="0"/>
    <max value="1"/>
    <documentation value="The patient's country of birth"/>
    <type value="string"/>
  </parameter>
  <parameter>
    <name value="country-of-birth-information-source"/>
    <use value="in"/>
    <min value="0"/>
    <max value="1"/>
    <documentation value="The information source for the patient's country of birth"/>
    <type value="string"/>
  </parameter>
  <parameter>
    <name value="place-of-birth"/>
    <use value="in"/>
    <min value="0"/>
    <max value="1"/>
    <documentation value="The place where the person as born, E.g. Whangārei. Only populate if country-of-birth is populated"/>
    <type value="string"/>
  </parameter>
  <parameter>
    <name value="return"/>
    <use value="out"/>
    <min value="0"/>
    <max value="1"/>
    <documentation value="The updated patient resource"/>
    <type value="Patient"/>
  </parameter>
  <parameter>
    <name value="failure"/>
    <use value="out"/>
    <min value="0"/>
    <max value="1"/>
    <documentation value="Error response"/>
    <type value="OperationOutcome"/>
  </parameter>
</OperationDefinition>