<?xml version="1.0" encoding="UTF-8"?>

<Patient xmlns="http://hl7.org/fhir">
  <id value="ZAT2348"/>
  <meta>
    <versionId value="3276365"/>
    <profile value="http://hl7.org.nz/fhir/StructureDefinition/NhiPatient"/>
  </meta>
  <text>
    <status value="extensions"/><div xmlns="http://www.w3.org/1999/xhtml"><p><b>Generated Narrative</b></p><div style="display: inline-block; background-color: #d9e0e7; padding: 6px; margin: 4px; border: 1px solid #8da1b4; border-radius: 5px; line-height: 60%"><p style="margin-bottom: 0px">Resource "ZAT2348" Version "3276365" </p><p style="margin-bottom: 0px">Profile: <a href="StructureDefinition-NhiPatient.html">NHI Patient</a></p></div><p><b>NZ Ethnicity</b>: New Zealand European <span style="background: LightGoldenRodYellow; margin: 4px; border: 1px solid khaki"> (<a href="https://common-ig.hip.digital.health.nz/site/CodeSystem-ethnic05-2.0.html">Level 4 ethnicity codes[2.0]</a>#11111)</span></p><p><b>NZ Ethnicity</b>: Spanish <span style="background: LightGoldenRodYellow; margin: 4px; border: 1px solid khaki"> (<a href="https://common-ig.hip.digital.health.nz/site/CodeSystem-ethnic05-2.0.html">Level 4 ethnicity codes[2.0]</a>#12939)</span></p><p><b>District Health Board linked to a NZ Healthcare Service, Location or Patient</b>: Capital &amp; Coast <span style="background: LightGoldenRodYellow; margin: 4px; border: 1px solid khaki"> (<a href="https://common-ig.hip.digital.health.nz/site/CodeSystem-dhb-1.0.html">District Health Board Code[1.0]</a>#G00036-D)</span></p><p><b>identifier</b>: id: ZAT2348 (OFFICIAL)</p><p><b>name</b>: Moh, Petal, MARTIN, LAURA ROSE, Othername, Rose, Smith-Martin, Laura</p><p><b>gender</b>: female</p><p><b>birthDate</b>: 1970-07-14</p><p><b>deceased</b>: 2016-10-18</p><p><b>address</b>: 133 Molesworth Street Wellington 6011 (HOME)</p></div>
  </text>
  <extension url="http://hl7.org.nz/fhir/StructureDefinition/nz-ethnicity">
    <valueCodeableConcept>
      <coding>
        <system value="https://standards.digital.health.nz/ns/ethnic-group-level-4-code"/>
        <version value="2.0"/>
        <code value="11111"/>
        <display value="New Zealand European"/>
      </coding>
      <text value="New Zealand European"/>
    </valueCodeableConcept>
  </extension>
  <extension url="http://hl7.org.nz/fhir/StructureDefinition/nz-ethnicity">
    <valueCodeableConcept>
      <coding>
        <system value="https://standards.digital.health.nz/ns/ethnic-group-level-4-code"/>
        <version value="2.0"/>
        <code value="12939"/>
        <display value="Spanish"/>
      </coding>
      <text value="Spanish"/>
    </valueCodeableConcept>
  </extension>
  <extension url="http://hl7.org.nz/fhir/StructureDefinition/dhb">
    <valueCodeableConcept>
      <coding>
        <system value="https://standards.digital.health.nz/ns/dhb-code"/>
        <version value="1.0"/>
        <code value="G00036-D"/>
        <display value="Capital &amp; Coast"/>
      </coding>
      <text value="Capital &amp; Coast"/>
    </valueCodeableConcept>
  </extension>
  <identifier>
    <use value="official"/>
    <system value="https://standards.digital.health.nz/ns/nhi-id"/>
    <value value="ZAT2348"/>
    <assigner>
      <reference value="Organization/G00001-G"/>
    </assigner>
  </identifier>
  <name>
    <extension url="http://hl7.org/fhir/StructureDefinition/iso21090-preferred">
      <valueBoolean value="false"/>
    </extension>
    <text value="Moh, Petal"/>
    <family value="Moh"/>
    <given value="Petal"/>
  </name>
  <name>
    <extension url="http://hl7.org/fhir/StructureDefinition/iso21090-preferred">
      <valueBoolean value="true"/>
    </extension>
    <text value="MARTIN, LAURA ROSE"/>
    <family value="MARTIN"/>
    <given value="LAURA"/>
    <given value="ROSE"/>
  </name>
  <name>
    <extension url="http://hl7.org.nz/fhir/StructureDefinition/information-source">
      <valueCodeableConcept>
        <coding>
          <system value="https://standards.digital.health.nz/ns/information-source-code"/>
          <version value="1.0"/>
          <code value="NPRF"/>
          <display value="Proof not Sighted"/>
        </coding>
        <text value="Proof not Sighted"/>
      </valueCodeableConcept>
    </extension>
    <extension url="http://hl7.org/fhir/StructureDefinition/iso21090-preferred">
      <valueBoolean value="false"/>
    </extension>
    <text value="Othername, Rose"/>
    <family value="Othername"/>
    <given value="Rose"/>
    <prefix value="MRS"/>
  </name>
  <name>
    <extension url="http://hl7.org.nz/fhir/StructureDefinition/information-source">
      <valueCodeableConcept>
        <coding>
          <system value="https://standards.digital.health.nz/ns/information-source-code"/>
          <version value="1.0"/>
          <code value="NPRF"/>
          <display value="Proof not Sighted"/>
        </coding>
        <text value="Proof not Sighted"/>
      </valueCodeableConcept>
    </extension>
    <extension url="http://hl7.org/fhir/StructureDefinition/iso21090-preferred">
      <valueBoolean value="false"/>
    </extension>
    <text value="Smith-Martin, Laura"/>
    <family value="Smith-Martin"/>
    <given value="Laura"/>
    <prefix value="MS"/>
  </name>
  <gender value="female"/>
  <birthDate value="1970-07-14">
    <extension url="http://hl7.org.nz/fhir/StructureDefinition/information-source">
      <valueCodeableConcept>
        <coding>
          <system value="https://standards.digital.health.nz/ns/information-source-code"/>
          <version value="1.0"/>
          <code value="NPRF"/>
          <display value="Proof not Sighted"/>
        </coding>
        <text value="Proof not Sighted"/>
      </valueCodeableConcept>
    </extension>
  </birthDate>
  <deceasedDateTime value="2016-10-18"/>
  <address>
    <extension url="http://hl7.org.nz/fhir/StructureDefinition/is-primary-address">
      <valueBoolean value="true"/>
    </extension>
    <extension url="http://hl7.org.nz/fhir/StructureDefinition/domicile-code">
      <valueCodeableConcept>
        <coding>
          <system value="https://standards.digital.health.nz/ns/domicile-code"/>
          <code value="2077"/>
          <display value="Thorndon - Tinakori Road"/>
        </coding>
        <text value="Thorndon - Tinakori Road"/>
      </valueCodeableConcept>
    </extension>
    <extension url="http://hl7.org.nz/fhir/StructureDefinition/suburb">
      <valueString value="Thorndon"/>
    </extension>
    <use value="home"/>
    <type value="physical"/>
    <line value="133 Molesworth Street"/>
    <city value="Wellington"/>
    <postalCode value="6011"/>
  </address>
</Patient>