{
  "resourceType" : "Patient",
  "id" : "ZAA0792",
  "meta" : {
    "versionId" : "3384084",
    "profile" : ["http://hl7.org.nz/fhir/StructureDefinition/NhiPatient"]
  },
  "text" : {
    "status" : "generated",
    "div" : "<div xmlns=\"http://www.w3.org/1999/xhtml\"><p style=\"border: 1px #661aff solid; background-color: #e6e6ff; padding: 10px;\"><b>Jamie Matariki </b> female, DoB: 1985-06-02 ( id:\u00a0ZAA0792\u00a0(use:\u00a0OFFICIAL))</p><hr/><table class=\"grid\"><tr><td style=\"background-color: #f3f5da\" title=\"Other Ids (see the one above)\">Other Id:</td><td colspan=\"3\">id:\u00a0ZAA0806\u00a0(use:\u00a0OLD)</td></tr><tr><td style=\"background-color: #f3f5da\" title=\"Ways to contact the Patient\">Contact Details:</td><td colspan=\"3\"><ul><li>13 Tacitus Place Auckland 0629 NZ (HOME)</li><li>147 Quay Street Auckland 1010 NZ (HOME)</li></ul></td></tr><tr><td style=\"background-color: #f3f5da\" title=\"District Health Board relating to a NZ Healthcare Service, Location (Facility) or Patient (primary, physical home address).\"><a href=\"file:///Users/davidhay/IG/nzbase/output/StructureDefinition-dhb.html\">District Health Board linked to a NZ Healthcare Service, Location or Patient:</a></td><td colspan=\"3\"><ul><li><span title=\"Codes: {https://standards.digital.health.nz/ns/dhb-code G00013-C}\">Waitemata District Health Board</span></li></ul></td></tr><tr><td style=\"background-color: #f3f5da\" title=\"New Zealand citizenship\">NZ Citizenship:</td><td colspan=\"3\"><ul><li>source: <span title=\"Codes: {https://standards.digital.health.nz/ns/information-source-code NPRF}\">Proof not Sighted</span></li><li>status: <span title=\"Codes: {https://standards.digital.health.nz/ns/nz-citizenship-status-code unknown}\">The citizenship status is unknown</span></li></ul></td></tr><tr><td style=\"background-color: #f3f5da\" title=\"The ethnic group or groups that a person identifies with or feels they belong to.  Ethnicity is a measure of cultural affiliation as opposed to race, ancestry, nationality or citizen.  Ethnicity is self-perceived and a person can belong to more than one group.\n\nThe Stats New Zealand standard can be found [here](http://aria.stats.govt.nz/aria/#ClassificationView:uri=http://stats.govt.nz/cms/ClassificationVersion/YVqOcFHSlguKkT17).\"><a href=\"file:///Users/davidhay/IG/nzbase/output/StructureDefinition-nz-ethnicity.html\">NZ Ethnicity:</a></td><td colspan=\"3\"><ul><li><span title=\"Codes: {https://standards.digital.health.nz/ns/ethnic-group-level-4-code 11111}\">New Zealand European</span></li></ul></td></tr></table></div>"
  },
  "extension" : [{
    "url" : "http://hl7.org.nz/fhir/StructureDefinition/nz-ethnicity",
    "valueCodeableConcept" : {
      "coding" : [{
        "system" : "https://standards.digital.health.nz/ns/ethnic-group-level-4-code",
        "version" : "2.0",
        "code" : "11111",
        "display" : "New Zealand European"
      }],
      "text" : "New Zealand European"
    }
  },
  {
    "extension" : [{
      "url" : "source",
      "valueCodeableConcept" : {
        "coding" : [{
          "system" : "https://standards.digital.health.nz/ns/information-source-code",
          "version" : "1.0.0",
          "code" : "NPRF",
          "display" : "Proof not Sighted"
        }],
        "text" : "Proof not Sighted"
      }
    },
    {
      "url" : "status",
      "valueCodeableConcept" : {
        "coding" : [{
          "system" : "https://standards.digital.health.nz/ns/nz-citizenship-status-code",
          "version" : "1.1.0",
          "code" : "unknown",
          "display" : "The citizenship status is unknown"
        }],
        "text" : "The citizenship status is unknown"
      }
    }],
    "url" : "http://hl7.org.nz/fhir/StructureDefinition/nz-citizenship"
  },
  {
    "url" : "http://hl7.org.nz/fhir/StructureDefinition/dhb",
    "valueCodeableConcept" : {
      "coding" : [{
        "system" : "https://standards.digital.health.nz/ns/dhb-code",
        "version" : "1.0.0",
        "code" : "G00013-C",
        "display" : "Waitemata District Health Board"
      }],
      "text" : "Waitemata District Health Board"
    }
  }],
  "identifier" : [{
    "use" : "official",
    "system" : "https://standards.digital.health.nz/ns/nhi-id",
    "value" : "ZAA0792",
    "assigner" : {
      "reference" : "Organization/G00001-G"
    }
  },
  {
    "use" : "old",
    "system" : "https://standards.digital.health.nz/ns/nhi-id",
    "value" : "ZAA0806",
    "assigner" : {
      "reference" : "Organization/G00001-G"
    }
  }],
  "name" : [{
    "id" : "22",
    "extension" : [{
      "url" : "http://hl7.org/fhir/StructureDefinition/iso21090-preferred",
      "valueBoolean" : true
    }],
    "family" : "Matariki",
    "given" : ["Jamie"]
  }],
  "gender" : "female",
  "birthDate" : "1985-06-02",
  "_birthDate" : {
    "extension" : [{
      "url" : "http://hl7.org.nz/fhir/StructureDefinition/information-source",
      "valueCodeableConcept" : {
        "coding" : [{
          "system" : "https://standards.digital.health.nz/ns/information-source-code",
          "version" : "1.0.0",
          "code" : "HL7",
          "display" : "HL7 applied"
        }],
        "text" : "HL7 applied"
      }
    }]
  },
  "address" : [{
    "id" : "20",
    "extension" : [{
      "url" : "http://hl7.org.nz/fhir/StructureDefinition/nz-address-id",
      "valueString" : "131749"
    },
    {
      "url" : "http://hl7.org.nz/fhir/StructureDefinition/domicile-code",
      "valueCodeableConcept" : {
        "coding" : [{
          "system" : "https://standards.digital.health.nz/ns/domicile-code",
          "code" : "0230",
          "display" : "Target Road"
        }],
        "text" : "Target Road"
      }
    },
    {
      "url" : "http://hl7.org.nz/fhir/StructureDefinition/suburb",
      "valueString" : "Totara Vale"
    }],
    "use" : "home",
    "type" : "physical",
    "line" : ["13 Tacitus Place"],
    "city" : "Auckland",
    "postalCode" : "0629",
    "country" : "NZ"
  },
  {
    "id" : "18",
    "extension" : [{
      "url" : "http://hl7.org.nz/fhir/StructureDefinition/nz-address-id",
      "valueString" : "3571798"
    },
    {
      "url" : "http://hl7.org.nz/fhir/StructureDefinition/domicile-code",
      "valueCodeableConcept" : {
        "coding" : [{
          "system" : "https://standards.digital.health.nz/ns/domicile-code",
          "code" : "0504",
          "display" : "Auckland Harbourside"
        }],
        "text" : "Auckland Harbourside"
      }
    },
    {
      "url" : "http://hl7.org.nz/fhir/StructureDefinition/suburb",
      "valueString" : "Auckland Central"
    }],
    "use" : "home",
    "type" : "postal",
    "line" : ["147 Quay Street"],
    "city" : "Auckland",
    "postalCode" : "1010",
    "country" : "NZ"
  }]
}