{
  "resourceType" : "Patient",
  "id" : "ZAT2496",
  "meta" : {
    "versionId" : "3384207",
    "profile" : ["http://hl7.org.nz/fhir/StructureDefinition/NhiPatient"]
  },
  "text" : {
    "status" : "generated",
    "div" : "<div xmlns=\"http://www.w3.org/1999/xhtml\"><p class=\"res-header-id\"><b>Generated Narrative: Patient ZAT2496</b></p><a name=\"ZAT2496\"> </a><a name=\"hcZAT2496\"> </a><a name=\"ZAT2496-en-US\"> </a><div style=\"display: inline-block; background-color: #d9e0e7; padding: 6px; margin: 4px; border: 1px solid #8da1b4; border-radius: 5px; line-height: 60%\"><p style=\"margin-bottom: 0px\">version: versionId: id (PrimitiveType/Patient.meta.versionId): element = id -&gt; versionId=id[3384207]</p><p style=\"margin-bottom: 0px\">Profile: <a href=\"StructureDefinition-NhiPatient.html\">NHI Patient</a></p></div><p style=\"border: 1px #661aff solid; background-color: #e6e6ff; padding: 10px;\">Edward   Rochester  Male, DoB: 1914 ( https://standards.digital.health.nz/ns/nhi-id#NHI#ZAT2496\u00a0(use:\u00a0official,\u00a0))</p><hr/><table class=\"grid\"><tr><td style=\"background-color: #f3f5da\" title=\"Known status of Patient\">Deceased:</td><td colspan=\"3\">2023-04</td></tr><tr><td style=\"background-color: #f3f5da\" title=\"Other Id (see the one above)\">Other Id:</td><td colspan=\"3\">NHI/ZAT2518\u00a0(use:\u00a0old,\u00a0)</td></tr><tr><td style=\"background-color: #f3f5da\" title=\"Ways to contact the Patient\">Contact Detail</td><td colspan=\"3\">Courtenay Place Wellington 6011 (home)</td></tr><tr><td style=\"background-color: #f3f5da\" title=\"The country where the person was born\">null:</td><td colspan=\"3\"><ul><li>country: <span title=\"Codes:{urn:iso:std:iso:3166 NZ}\">New Zealand</span></li><li>place-of-birth: Christchurch</li><li>source: <span title=\"Codes:{https://standards.digital.health.nz/ns/information-source-code BRCT}\">Birth Certificate</span></li></ul></td></tr><tr><td style=\"background-color: #f3f5da\" title=\"New Zealand citizenship\">NZ Citizenship:</td><td colspan=\"3\"><ul><li>source: <span title=\"Codes:{https://standards.digital.health.nz/ns/information-source-code NPRF}\">Proof not Sighted</span></li><li>status: <span title=\"Codes:{https://standards.digital.health.nz/ns/nz-citizenship-status-code unknown}\">The citizenship status is unknown</span></li></ul></td></tr><tr><td style=\"background-color: #f3f5da\" title=\"The ethnic group or groups that a person identifies with or feels they belong to.  Ethnicity is a measure of cultural affiliation as opposed to race, ancestry, nationality or citizen.  Ethnicity is self-perceived and a person can belong to more than one group.\n\nThe Stats New Zealand standard can be found [here](http://aria.stats.govt.nz/aria/#ClassificationView:uri=http://stats.govt.nz/cms/ClassificationVersion/YVqOcFHSlguKkT17).\"><a href=\"https://fhir.org.nz/ig/base/StructureDefinition-nz-ethnicity.html\">NZ Ethnicity</a></td><td colspan=\"3\"><ul><li><span title=\"Codes:{https://standards.digital.health.nz/ns/ethnic-group-level-4-code 51113}\">Assyrian</span></li><li><span title=\"Codes:{https://standards.digital.health.nz/ns/ethnic-group-level-4-code 12913}\">Austrian</span></li></ul></td></tr></table></div>"
  },
  "extension" : [{
    "url" : "http://hl7.org.nz/fhir/StructureDefinition/nz-ethnicity",
    "valueCodeableConcept" : {
      "coding" : [{
        "system" : "https://standards.digital.health.nz/ns/ethnic-group-level-4-code",
        "version" : "2.0",
        "code" : "51113",
        "display" : "Assyrian"
      }],
      "text" : "Assyrian"
    }
  },
  {
    "url" : "http://hl7.org.nz/fhir/StructureDefinition/nz-ethnicity",
    "valueCodeableConcept" : {
      "coding" : [{
        "system" : "https://standards.digital.health.nz/ns/ethnic-group-level-4-code",
        "version" : "2.0",
        "code" : "12913",
        "display" : "Austrian"
      }],
      "text" : "Austrian"
    }
  },
  {
    "extension" : [{
      "url" : "country",
      "valueCodeableConcept" : {
        "coding" : [{
          "system" : "urn:iso:std:iso:3166",
          "version" : "2013",
          "code" : "NZ",
          "display" : "New Zealand"
        }],
        "text" : "New Zealand"
      }
    },
    {
      "url" : "place-of-birth",
      "valueString" : "Christchurch"
    },
    {
      "url" : "source",
      "valueCodeableConcept" : {
        "coding" : [{
          "system" : "https://standards.digital.health.nz/ns/information-source-code",
          "version" : "1.0.0",
          "code" : "BRCT",
          "display" : "Birth Certificate"
        }],
        "text" : "Birth Certificate"
      }
    }],
    "url" : "http://hl7.org.nz/fhir/StructureDefinition/birth-place"
  },
  {
    "extension" : [{
      "url" : "source",
      "valueCodeableConcept" : {
        "coding" : [{
          "system" : "https://standards.digital.health.nz/ns/information-source-code",
          "version" : "1.0.0",
          "code" : "NPRF",
          "display" : "Proof not Sighted"
        }],
        "text" : "Proof not Sighted"
      }
    },
    {
      "url" : "status",
      "valueCodeableConcept" : {
        "coding" : [{
          "system" : "https://standards.digital.health.nz/ns/nz-citizenship-status-code",
          "version" : "1.1.0",
          "code" : "unknown",
          "display" : "The citizenship status is unknown"
        }],
        "text" : "The citizenship status is unknown"
      }
    }],
    "url" : "http://hl7.org.nz/fhir/StructureDefinition/nz-citizenship"
  }],
  "identifier" : [{
    "use" : "official",
    "system" : "https://standards.digital.health.nz/ns/nhi-id",
    "value" : "ZAT2496",
    "assigner" : {
      "reference" : "Organization/G00001-G"
    }
  },
  {
    "use" : "old",
    "system" : "https://standards.digital.health.nz/ns/nhi-id",
    "value" : "ZAT2518",
    "assigner" : {
      "reference" : "Organization/G00001-G"
    }
  }],
  "name" : [{
    "id" : "15",
    "extension" : [{
      "url" : "http://hl7.org.nz/fhir/StructureDefinition/information-source",
      "valueCodeableConcept" : {
        "coding" : [{
          "system" : "https://standards.digital.health.nz/ns/information-source-code",
          "version" : "1.0.0",
          "code" : "NPRF",
          "display" : "Proof not Sighted"
        }],
        "text" : "Proof not Sighted"
      }
    },
    {
      "url" : "http://hl7.org/fhir/StructureDefinition/iso21090-preferred",
      "valueBoolean" : false
    }],
    "family" : "Rochester",
    "given" : ["Edward  "]
  },
  {
    "id" : "16",
    "extension" : [{
      "url" : "http://hl7.org.nz/fhir/StructureDefinition/information-source",
      "valueCodeableConcept" : {
        "coding" : [{
          "system" : "https://standards.digital.health.nz/ns/information-source-code",
          "version" : "1.0.0",
          "code" : "NPRF",
          "display" : "Proof not Sighted"
        }],
        "text" : "Proof not Sighted"
      }
    },
    {
      "url" : "http://hl7.org/fhir/StructureDefinition/iso21090-preferred",
      "valueBoolean" : false
    }],
    "family" : "Making",
    "given" : ["Poor",
    "Decision"],
    "prefix" : ["SIR"]
  },
  {
    "id" : "77",
    "extension" : [{
      "url" : "http://hl7.org/fhir/StructureDefinition/iso21090-preferred",
      "valueBoolean" : true
    }],
    "family" : "Yossarian",
    "given" : ["John",
    "Test"]
  },
  {
    "id" : "78",
    "extension" : [{
      "url" : "http://hl7.org/fhir/StructureDefinition/iso21090-preferred",
      "valueBoolean" : false
    }],
    "family" : "Moh",
    "given" : ["Woody"]
  }],
  "gender" : "male",
  "birthDate" : "1914",
  "_birthDate" : {
    "extension" : [{
      "url" : "http://hl7.org.nz/fhir/StructureDefinition/information-source",
      "valueCodeableConcept" : {
        "coding" : [{
          "system" : "https://standards.digital.health.nz/ns/information-source-code",
          "version" : "1.0.0",
          "code" : "NPRF",
          "display" : "Proof not Sighted"
        }],
        "text" : "Proof not Sighted"
      }
    }]
  },
  "deceasedDateTime" : "2023-04",
  "_deceasedDateTime" : {
    "extension" : [{
      "url" : "http://hl7.org.nz/fhir/StructureDefinition/information-source",
      "valueCodeableConcept" : {
        "coding" : [{
          "system" : "https://standards.digital.health.nz/ns/information-source-code",
          "version" : "1.0.0",
          "code" : "MCCOD",
          "display" : "Medical Certificate Cause of Death"
        }],
        "text" : "Medical Certificate Cause of Death"
      }
    }]
  },
  "address" : [{
    "id" : "27",
    "extension" : [{
      "url" : "http://hl7.org.nz/fhir/StructureDefinition/not-validated-address-reason",
      "valueCodeableConcept" : {
        "coding" : [{
          "system" : "https://standards.digital.health.nz/ns/address-not-validated-reason-code",
          "version" : "1.1",
          "code" : "OTHER",
          "display" : "Other"
        }],
        "text" : "Other"
      }
    },
    {
      "url" : "http://hl7.org.nz/fhir/StructureDefinition/domicile-code",
      "valueCodeableConcept" : {
        "coding" : [{
          "system" : "https://standards.digital.health.nz/ns/domicile-code",
          "code" : "2125",
          "display" : "Willis Street-Cambridge Terrace"
        }],
        "text" : "Willis Street-Cambridge Terrace"
      }
    },
    {
      "url" : "http://hl7.org.nz/fhir/StructureDefinition/suburb",
      "valueString" : "Te Aro"
    }],
    "use" : "home",
    "type" : "physical",
    "line" : ["Courtenay Place"],
    "city" : "Wellington",
    "postalCode" : "6011"
  }]
}