<?xml version="1.0" encoding="UTF-8"?>

<Patient xmlns="http://hl7.org/fhir">
  <id value="ZKC4633"/>
  <meta>
    <versionId value="3384979"/>
    <profile value="http://hl7.org.nz/fhir/StructureDefinition/NhiPatient"/>
  </meta>
  <text>
    <status value="generated"/><div xmlns="http://www.w3.org/1999/xhtml"><p style="border: 1px #661aff solid; background-color: #e6e6ff; padding: 10px;"><b>Rickey Amalia Aufderhar </b> female, DoB: 2021-12-29 ( NHI/ZKC4633 (use: OFFICIAL))</p><hr/><table class="grid"><tr><td style="background-color: #f3f5da" title="Alternate names (see the one above)">Alt. Name:</td><td colspan="3">Baby of Jane Aufderhar (TEMP)</td></tr><tr><td style="background-color: #f3f5da" title="Ways to contact the Patient">Contact Details:</td><td colspan="3"><ul><li><a href="mailto:test.contact@testContatc.com">test.contact@testContatc.com</a></li><li>ph: 0275151510(MOBILE)</li><li>ph: 045882334(HOME)</li><li>Other Road (HOME)</li></ul></td></tr><tr><td style="background-color: #f3f5da" title="Patient Links">Links:</td><td colspan="3"><ul><li>General Practitioner: <a href="#20014909">#20014909</a></li></ul></td></tr><tr><td style="background-color: #f3f5da" title="New Zealand citizenship">NZ Citizenship:</td><td colspan="3"><ul><li>source: <span title="Codes: {https://standards.digital.health.nz/ns/information-source-code NPRF}">Proof not Sighted</span></li><li>status: <span title="Codes: {https://standards.digital.health.nz/ns/nz-citizenship-status-code yes}">Yes</span></li></ul></td></tr><tr><td style="background-color: #f3f5da" title="The ethnic group or groups that a person identifies with or feels they belong to.  Ethnicity is a measure of cultural affiliation as opposed to race, ancestry, nationality or citizen.  Ethnicity is self-perceived and a person can belong to more than one group.

The Stats New Zealand standard can be found [here](http://aria.stats.govt.nz/aria/#ClassificationView:uri=http://stats.govt.nz/cms/ClassificationVersion/YVqOcFHSlguKkT17)."><a href="https://fhir.org.nz/ig/base//StructureDefinition-nz-ethnicity.html">NZ Ethnicity:</a></td><td colspan="3"><ul><li><span title="Codes: {https://standards.digital.health.nz/ns/ethnic-group-level-4-code 11111}">New Zealand European</span></li></ul></td></tr></table><hr/><p><b>Contained Resources</b></p><hr/><a name="20014909"> </a><p><b>Generated Narrative: PractitionerRole</b><a name="20014909"> </a></p><div style="display: inline-block; background-color: #d9e0e7; padding: 6px; margin: 4px; border: 1px solid #8da1b4; border-radius: 5px; line-height: 60%"><p style="margin-bottom: 0px">Resource PractitionerRole &quot;20014909&quot; </p></div><p><b>period</b>: 2023-02-21 00:00:00+1300 --&gt; 2026-02-21 00:00:00+1300</p><p><b>practitioner</b>: <a href="Practitioner/99ZZZS">Practitioner/99ZZZS: TestOne Prefix-Test</a></p><p><b>organization</b>: <a href="Organization/G00001-G">Organization/G00001-G: Ministry of Health</a></p><p><b>location</b>: <a href="Location/FZZ999-B">Location/FZZ999-B: Live Facilty</a></p></div>
  </text>
  <contained>
    <PractitionerRole>
      <id value="20014909"/>
      <period>
        <start value="2023-02-21T00:00:00+13:00"/>
        <end value="2026-02-21T00:00:00+13:00"/>
      </period>
      <practitioner>
        <reference value="Practitioner/99ZZZS"/>
        <display value="TestOne Prefix-Test"/>
      </practitioner>
      <organization>
        <reference value="Organization/G00001-G"/>
        <display value="Ministry of Health"/>
      </organization>
      <location>
        <reference value="Location/FZZ999-B"/>
        <display value="Live Facilty"/>
      </location>
    </PractitionerRole>
  </contained>
  <extension url="http://hl7.org.nz/fhir/StructureDefinition/nz-ethnicity">
    <valueCodeableConcept>
      <coding>
        <system value="https://standards.digital.health.nz/ns/ethnic-group-level-4-code"/>
        <version value="2.0"/>
        <code value="11111"/>
        <display value="New Zealand European"/>
      </coding>
      <text value="New Zealand European"/>
    </valueCodeableConcept>
  </extension>
  <extension url="http://hl7.org.nz/fhir/StructureDefinition/nz-citizenship">
    <extension url="source">
      <valueCodeableConcept>
        <coding>
          <system value="https://standards.digital.health.nz/ns/information-source-code"/>
          <version value="1.0.0"/>
          <code value="NPRF"/>
          <display value="Proof not Sighted"/>
        </coding>
        <text value="Proof not Sighted"/>
      </valueCodeableConcept>
    </extension>
    <extension url="status">
      <valueCodeableConcept>
        <coding>
          <system value="https://standards.digital.health.nz/ns/nz-citizenship-status-code"/>
          <version value="1.1.0"/>
          <code value="yes"/>
          <display value="Yes"/>
        </coding>
        <text value="Yes"/>
      </valueCodeableConcept>
    </extension>
  </extension>
  <identifier>
    <use value="official"/>
    <system value="https://standards.digital.health.nz/ns/nhi-id"/>
    <value value="ZKC4633"/>
    <assigner>
      <reference value="Organization/G00001-G"/>
    </assigner>
  </identifier>
  <name id="10">
    <extension url="http://hl7.org.nz/fhir/StructureDefinition/information-source">
      <valueCodeableConcept>
        <coding>
          <system value="https://standards.digital.health.nz/ns/information-source-code"/>
          <version value="1.0.0"/>
          <code value="NPRF"/>
          <display value="Proof not Sighted"/>
        </coding>
        <text value="Proof not Sighted"/>
      </valueCodeableConcept>
    </extension>
    <extension url="http://hl7.org/fhir/StructureDefinition/iso21090-preferred">
      <valueBoolean value="false"/>
    </extension>
    <extension url="http://hl7.org.nz/fhir/StructureDefinition/name-use-extra">
      <valueCodeableConcept>
        <coding>
          <system value="https://standards.digital.health.nz/ns/nhi-name-use-extra-code"/>
          <code value="BABYOF"/>
          <display value="babyof"/>
        </coding>
      </valueCodeableConcept>
    </extension>
    <use value="temp"/>
    <family value="Aufderhar"/>
    <given value="Baby of Jane"/>
  </name>
  <name id="13">
    <extension url="http://hl7.org/fhir/StructureDefinition/iso21090-preferred">
      <valueBoolean value="true"/>
    </extension>
    <family value="Aufderhar"/>
    <given value="Rickey"/>
    <given value="Amalia"/>
  </name>
  <telecom>
    <system value="email"/>
    <value value="test.contact@testContatc.com"/>
    <use value="home"/>
  </telecom>
  <telecom>
    <system value="phone"/>
    <value value="0275151510"/>
    <use value="mobile"/>
  </telecom>
  <telecom>
    <system value="phone"/>
    <value value="045882334"/>
    <use value="home"/>
  </telecom>
  <gender value="female"/>
  <birthDate value="2021-12-29">
    <extension url="http://hl7.org.nz/fhir/StructureDefinition/information-source">
      <valueCodeableConcept>
        <coding>
          <system value="https://standards.digital.health.nz/ns/information-source-code"/>
          <version value="1.0.0"/>
          <code value="NPRF"/>
          <display value="Proof not Sighted"/>
        </coding>
        <text value="Proof not Sighted"/>
      </valueCodeableConcept>
    </extension>
  </birthDate>
  <address id="24">
    <extension url="http://hl7.org.nz/fhir/StructureDefinition/not-validated-address-reason">
      <valueCodeableConcept>
        <coding>
          <system value="https://standards.digital.health.nz/ns/address-not-validated-reason-code"/>
          <version value="1.1"/>
          <code value="OSEA"/>
          <display value="Overseas Address"/>
        </coding>
        <text value="Overseas Address"/>
      </valueCodeableConcept>
    </extension>
    <extension url="http://hl7.org.nz/fhir/StructureDefinition/domicile-code">
      <valueCodeableConcept>
        <coding>
          <system value="https://standards.digital.health.nz/ns/domicile-code"/>
          <code value="9999"/>
          <display value="Overseas resident"/>
        </coding>
        <text value="Overseas resident"/>
      </valueCodeableConcept>
    </extension>
    <use value="home"/>
    <type value="physical"/>
    <line value="Other Road"/>
  </address>
  <generalPractitioner>
    <reference value="#20014909"/>
  </generalPractitioner>
</Patient>