<?xml version="1.0" encoding="UTF-8"?>

<Patient xmlns="http://hl7.org/fhir">
  <id value="ZJM9397"/>
  <meta>
    <versionId value="3386725"/>
    <profile value="http://hl7.org.nz/fhir/StructureDefinition/NhiPatient"/>
  </meta>
  <text>
    <status value="extensions"/><div xmlns="http://www.w3.org/1999/xhtml"><p class="res-header-id"><b>Generated Narrative: Patient ZJM9397</b></p><a name="ZJM9397"> </a><a name="hcZJM9397"> </a><div style="display: inline-block; background-color: #d9e0e7; padding: 6px; margin: 4px; border: 1px solid #8da1b4; border-radius: 5px; line-height: 60%"><p style="margin-bottom: 0px">version: 3386725</p><p style="margin-bottom: 0px">Profile: <a href="StructureDefinition-NhiPatient.html">NHI Patient</a></p></div><p style="border: 1px #661aff solid; background-color: #e6e6ff; padding: 10px;">Jamie Joseph Ryan  Female, DoB: 1972-06-05 ( https://standards.digital.health.nz/ns/nhi-id#NHI#ZJM9397 (use: official, ))</p><hr/><table class="grid"><tr><td style="background-color: #f3f5da" title="Ways to contact the Patient">Contact Detail</td><td colspan="3"><ul><li>74 Chancellor Street Christchurch NEW ZEALAND (home) (NZ Suburb: Richmond)</li><li>22 macron steet nowhere darkside 6066 SWITZERLAND (home) (NZ Suburb: darksideodthetracks)</li></ul></td></tr><tr><td style="background-color: #f3f5da" title="The country where the person was born">null:</td><td colspan="3"><ul><li>country: <span title="Codes:{urn:iso:std:iso:3166 NZ}">New Zealand</span></li><li>source: <span title="Codes:{https://standards.digital.health.nz/ns/information-source-code BRCT}">Birth Certificate</span></li></ul></td></tr><tr><td style="background-color: #f3f5da" title="New Zealand citizenship">NZ Citizenship:</td><td colspan="3"><ul><li>source: <span title="Codes:{https://standards.digital.health.nz/ns/information-source-code BREG}">Birth Register</span></li><li>status: <span title="Codes:{https://standards.digital.health.nz/ns/nz-citizenship-status-code no}">No</span></li></ul></td></tr><tr><td style="background-color: #f3f5da" title="The ethnic group or groups that a person identifies with or feels they belong to.  Ethnicity is a measure of cultural affiliation as opposed to race, ancestry, nationality or citizen.  Ethnicity is self-perceived and a person can belong to more than one group.

The Stats New Zealand standard can be found [here](http://aria.stats.govt.nz/aria/#ClassificationView:uri=http://stats.govt.nz/cms/ClassificationVersion/YVqOcFHSlguKkT17)."><a href="https://fhir.org.nz/ig/base/StructureDefinition-nz-ethnicity.html">NZ Ethnicity</a></td><td colspan="3"><span title="Codes:{https://standards.digital.health.nz/ns/ethnic-group-level-4-code 21111}">Māori</span></td></tr></table></div>
  </text>
  <extension url="http://hl7.org.nz/fhir/StructureDefinition/nz-ethnicity">
    <valueCodeableConcept>
      <coding>
        <system value="https://standards.digital.health.nz/ns/ethnic-group-level-4-code"/>
        <version value="2.0"/>
        <code value="21111"/>
        <display value="Māori"/>
      </coding>
      <text value="Māori"/>
    </valueCodeableConcept>
  </extension>
  <extension url="http://hl7.org.nz/fhir/StructureDefinition/birth-place">
    <extension url="country">
      <valueCodeableConcept>
        <coding>
          <system value="urn:iso:std:iso:3166"/>
          <version value="2013"/>
          <code value="NZ"/>
          <display value="New Zealand"/>
        </coding>
        <text value="New Zealand"/>
      </valueCodeableConcept>
    </extension>
    <extension url="source">
      <valueCodeableConcept>
        <coding>
          <system value="https://standards.digital.health.nz/ns/information-source-code"/>
          <version value="1.0.0"/>
          <code value="BRCT"/>
          <display value="Birth Certificate"/>
        </coding>
        <text value="Birth Certificate"/>
      </valueCodeableConcept>
    </extension>
  </extension>
  <extension url="http://hl7.org.nz/fhir/StructureDefinition/nz-citizenship">
    <extension url="source">
      <valueCodeableConcept>
        <coding>
          <system value="https://standards.digital.health.nz/ns/information-source-code"/>
          <version value="1.0.0"/>
          <code value="BREG"/>
          <display value="Birth Register"/>
        </coding>
        <text value="Birth Register"/>
      </valueCodeableConcept>
    </extension>
    <extension url="status">
      <valueCodeableConcept>
        <coding>
          <system value="https://standards.digital.health.nz/ns/nz-citizenship-status-code"/>
          <version value="1.1.0"/>
          <code value="no"/>
          <display value="No"/>
        </coding>
        <text value="No"/>
      </valueCodeableConcept>
    </extension>
  </extension>
  <identifier>
    <use value="official"/>
    <system value="https://standards.digital.health.nz/ns/nhi-id"/>
    <value value="ZJM9397"/>
    <assigner>
      <reference value="Organization/G00001-G"/>
    </assigner>
  </identifier>
  <name id="11">
    <extension url="http://hl7.org.nz/fhir/StructureDefinition/information-source">
      <valueCodeableConcept>
        <coding>
          <system value="https://standards.digital.health.nz/ns/information-source-code"/>
          <version value="1.0.0"/>
          <code value="NPRF"/>
          <display value="Proof not Sighted"/>
        </coding>
        <text value="Proof not Sighted"/>
      </valueCodeableConcept>
    </extension>
    <extension url="http://hl7.org/fhir/StructureDefinition/iso21090-preferred">
      <valueBoolean value="false"/>
    </extension>
    <family value="Ryan"/>
    <given value="Jamie"/>
    <given value="Joseph"/>
    <prefix value="MR"/>
  </name>
  <name id="13">
    <extension url="http://hl7.org.nz/fhir/StructureDefinition/information-source">
      <valueCodeableConcept>
        <coding>
          <system value="https://standards.digital.health.nz/ns/information-source-code"/>
          <version value="1.0.0"/>
          <code value="NPRF"/>
          <display value="Proof not Sighted"/>
        </coding>
        <text value="Proof not Sighted"/>
      </valueCodeableConcept>
    </extension>
    <extension url="http://hl7.org/fhir/StructureDefinition/iso21090-preferred">
      <valueBoolean value="false"/>
    </extension>
    <family value="James"/>
    <given value="Joseph"/>
    <given value="Ryan"/>
    <prefix value="MR"/>
  </name>
  <name id="21">
    <extension url="http://hl7.org.nz/fhir/StructureDefinition/information-source">
      <valueCodeableConcept>
        <coding>
          <system value="https://standards.digital.health.nz/ns/information-source-code"/>
          <version value="1.0.0"/>
          <code value="NPRF"/>
          <display value="Proof not Sighted"/>
        </coding>
        <text value="Proof not Sighted"/>
      </valueCodeableConcept>
    </extension>
    <extension url="http://hl7.org/fhir/StructureDefinition/iso21090-preferred">
      <valueBoolean value="true"/>
    </extension>
    <use value="nickname"/>
    <family value="Ryan"/>
    <given value="Chewea"/>
    <prefix value="MR"/>
  </name>
  <name id="22">
    <extension url="http://hl7.org/fhir/StructureDefinition/iso21090-preferred">
      <valueBoolean value="false"/>
    </extension>
    <given value="ChewyBakA"/>
    <prefix value="MR"/>
  </name>
  <gender value="female">
    <extension url="http://hl7.org.nz/fhir/StructureDefinition/gender-original-text">
      <valueString value="female-male"/>
    </extension>
  </gender>
  <birthDate value="1972-06-05">
    <extension url="http://hl7.org.nz/fhir/StructureDefinition/information-source">
      <valueCodeableConcept>
        <coding>
          <system value="https://standards.digital.health.nz/ns/information-source-code"/>
          <version value="1.0.0"/>
          <code value="HL7"/>
          <display value="HL7 applied"/>
        </coding>
        <text value="HL7 applied"/>
      </valueCodeableConcept>
    </extension>
  </birthDate>
  <address id="50">
    <extension url="http://hl7.org.nz/fhir/StructureDefinition/not-validated-address-reason">
      <valueCodeableConcept>
        <coding>
          <system value="https://standards.digital.health.nz/ns/address-not-validated-reason-code"/>
          <version value="1.1"/>
          <code value="NOSVC"/>
          <display value="Address Service Unavailable"/>
        </coding>
        <text value="Address Service Unavailable"/>
      </valueCodeableConcept>
    </extension>
    <extension url="http://hl7.org.nz/fhir/StructureDefinition/domicile-code">
      <valueCodeableConcept>
        <coding>
          <system value="https://standards.digital.health.nz/ns/domicile-code"/>
          <code value="2659"/>
          <display value="Richmond North"/>
        </coding>
        <text value="Richmond North"/>
      </valueCodeableConcept>
    </extension>
    <extension url="http://hl7.org.nz/fhir/StructureDefinition/suburb">
      <valueString value="Richmond"/>
    </extension>
    <use value="home"/>
    <type value="physical"/>
    <line value="74 Chancellor Street"/>
    <city value="Christchurch"/>
    <country value="NEW ZEALAND"/>
  </address>
  <address id="49">
    <extension url="http://hl7.org.nz/fhir/StructureDefinition/building-name">
      <valueString value="Building 11"/>
    </extension>
    <extension url="http://hl7.org.nz/fhir/StructureDefinition/not-validated-address-reason">
      <valueCodeableConcept>
        <coding>
          <system value="https://standards.digital.health.nz/ns/address-not-validated-reason-code"/>
          <version value="1.1"/>
          <code value="NFAB"/>
          <display value="No Fixed Abode"/>
        </coding>
        <text value="No Fixed Abode"/>
      </valueCodeableConcept>
    </extension>
    <extension url="http://hl7.org.nz/fhir/StructureDefinition/domicile-code">
      <valueCodeableConcept>
        <coding>
          <system value="https://standards.digital.health.nz/ns/domicile-code"/>
          <code value="9999"/>
          <display value="Overseas resident"/>
        </coding>
        <text value="Overseas resident"/>
      </valueCodeableConcept>
    </extension>
    <extension url="http://hl7.org.nz/fhir/StructureDefinition/suburb">
      <valueString value="darksideodthetracks"/>
    </extension>
    <use value="home"/>
    <type value="postal"/>
    <line value="22 macron steet"/>
    <line value="nowhere"/>
    <city value="darkside"/>
    <postalCode value="6066"/>
    <country value="SWITZERLAND"/>
  </address>
</Patient>