{
  "resourceType" : "Patient",
  "id" : "ZJM9397",
  "meta" : {
    "versionId" : "3386725",
    "profile" : ["http://hl7.org.nz/fhir/StructureDefinition/NhiPatient"]
  },
  "text" : {
    "status" : "generated",
    "div" : "<div xmlns=\"http://www.w3.org/1999/xhtml\"><p style=\"border: 1px #661aff solid; background-color: #e6e6ff; padding: 10px;\"><b>Jamie Joseph Ryan </b> female, DoB: 1972-06-05 ( NHI/ZJM9397\u00a0(use:\u00a0official))</p><hr/><table class=\"grid\"><tr><td style=\"background-color: #f3f5da\" title=\"Ways to contact the Patient\">Contact Detail</td><td colspan=\"3\"><ul><li>74 Chancellor Street Christchurch NEW ZEALAND (home)</li><li>22 macron steet nowhere darkside 6066 SWITZERLAND (home)</li></ul></td></tr><tr><td style=\"background-color: #f3f5da\" title=\"The country where the person was born\">null:</td><td colspan=\"3\"><ul><li>country: <span title=\"Codes:{urn:iso:std:iso:3166 NZ}\">New Zealand</span></li><li>source: <span title=\"Codes:{https://standards.digital.health.nz/ns/information-source-code BRCT}\">Birth Certificate</span></li></ul></td></tr><tr><td style=\"background-color: #f3f5da\" title=\"New Zealand citizenship\">NZ Citizenship:</td><td colspan=\"3\"><ul><li>source: <span title=\"Codes:{https://standards.digital.health.nz/ns/information-source-code BREG}\">Birth Register</span></li><li>status: <span title=\"Codes:{https://standards.digital.health.nz/ns/nz-citizenship-status-code no}\">No</span></li></ul></td></tr><tr><td style=\"background-color: #f3f5da\" title=\"The ethnic group or groups that a person identifies with or feels they belong to.  Ethnicity is a measure of cultural affiliation as opposed to race, ancestry, nationality or citizen.  Ethnicity is self-perceived and a person can belong to more than one group.\n\nThe Stats New Zealand standard can be found [here](http://aria.stats.govt.nz/aria/#ClassificationView:uri=http://stats.govt.nz/cms/ClassificationVersion/YVqOcFHSlguKkT17).\"><a href=\"https://fhir.org.nz/ig/base/StructureDefinition-nz-ethnicity.html\">NZ Ethnicity</a></td><td colspan=\"3\"><ul><li><span title=\"Codes:{https://standards.digital.health.nz/ns/ethnic-group-level-4-code 21111}\">Māori</span></li></ul></td></tr></table></div>"
  },
  "extension" : [{
    "url" : "http://hl7.org.nz/fhir/StructureDefinition/nz-ethnicity",
    "valueCodeableConcept" : {
      "coding" : [{
        "system" : "https://standards.digital.health.nz/ns/ethnic-group-level-4-code",
        "version" : "2.0",
        "code" : "21111",
        "display" : "Māori"
      }],
      "text" : "Māori"
    }
  },
  {
    "extension" : [{
      "url" : "country",
      "valueCodeableConcept" : {
        "coding" : [{
          "system" : "urn:iso:std:iso:3166",
          "version" : "2013",
          "code" : "NZ",
          "display" : "New Zealand"
        }],
        "text" : "New Zealand"
      }
    },
    {
      "url" : "source",
      "valueCodeableConcept" : {
        "coding" : [{
          "system" : "https://standards.digital.health.nz/ns/information-source-code",
          "version" : "1.0.0",
          "code" : "BRCT",
          "display" : "Birth Certificate"
        }],
        "text" : "Birth Certificate"
      }
    }],
    "url" : "http://hl7.org.nz/fhir/StructureDefinition/birth-place"
  },
  {
    "extension" : [{
      "url" : "source",
      "valueCodeableConcept" : {
        "coding" : [{
          "system" : "https://standards.digital.health.nz/ns/information-source-code",
          "version" : "1.0.0",
          "code" : "BREG",
          "display" : "Birth Register"
        }],
        "text" : "Birth Register"
      }
    },
    {
      "url" : "status",
      "valueCodeableConcept" : {
        "coding" : [{
          "system" : "https://standards.digital.health.nz/ns/nz-citizenship-status-code",
          "version" : "1.1.0",
          "code" : "no",
          "display" : "No"
        }],
        "text" : "No"
      }
    }],
    "url" : "http://hl7.org.nz/fhir/StructureDefinition/nz-citizenship"
  }],
  "identifier" : [{
    "use" : "official",
    "system" : "https://standards.digital.health.nz/ns/nhi-id",
    "value" : "ZJM9397",
    "assigner" : {
      "reference" : "Organization/G00001-G"
    }
  }],
  "name" : [{
    "id" : "11",
    "extension" : [{
      "url" : "http://hl7.org.nz/fhir/StructureDefinition/information-source",
      "valueCodeableConcept" : {
        "coding" : [{
          "system" : "https://standards.digital.health.nz/ns/information-source-code",
          "version" : "1.0.0",
          "code" : "NPRF",
          "display" : "Proof not Sighted"
        }],
        "text" : "Proof not Sighted"
      }
    },
    {
      "url" : "http://hl7.org/fhir/StructureDefinition/iso21090-preferred",
      "valueBoolean" : false
    }],
    "family" : "Ryan",
    "given" : ["Jamie",
    "Joseph"],
    "prefix" : ["MR"]
  },
  {
    "id" : "13",
    "extension" : [{
      "url" : "http://hl7.org.nz/fhir/StructureDefinition/information-source",
      "valueCodeableConcept" : {
        "coding" : [{
          "system" : "https://standards.digital.health.nz/ns/information-source-code",
          "version" : "1.0.0",
          "code" : "NPRF",
          "display" : "Proof not Sighted"
        }],
        "text" : "Proof not Sighted"
      }
    },
    {
      "url" : "http://hl7.org/fhir/StructureDefinition/iso21090-preferred",
      "valueBoolean" : false
    }],
    "family" : "James",
    "given" : ["Joseph",
    "Ryan"],
    "prefix" : ["MR"]
  },
  {
    "id" : "21",
    "extension" : [{
      "url" : "http://hl7.org.nz/fhir/StructureDefinition/information-source",
      "valueCodeableConcept" : {
        "coding" : [{
          "system" : "https://standards.digital.health.nz/ns/information-source-code",
          "version" : "1.0.0",
          "code" : "NPRF",
          "display" : "Proof not Sighted"
        }],
        "text" : "Proof not Sighted"
      }
    },
    {
      "url" : "http://hl7.org/fhir/StructureDefinition/iso21090-preferred",
      "valueBoolean" : true
    }],
    "use" : "nickname",
    "family" : "Ryan",
    "given" : ["Chewea"],
    "prefix" : ["MR"]
  },
  {
    "id" : "22",
    "extension" : [{
      "url" : "http://hl7.org/fhir/StructureDefinition/iso21090-preferred",
      "valueBoolean" : false
    }],
    "given" : ["ChewyBakA"],
    "prefix" : ["MR"]
  }],
  "gender" : "female",
  "_gender" : {
    "extension" : [{
      "url" : "http://hl7.org.nz/fhir/StructureDefinition/gender-original-text",
      "valueString" : "female-male"
    }]
  },
  "birthDate" : "1972-06-05",
  "_birthDate" : {
    "extension" : [{
      "url" : "http://hl7.org.nz/fhir/StructureDefinition/information-source",
      "valueCodeableConcept" : {
        "coding" : [{
          "system" : "https://standards.digital.health.nz/ns/information-source-code",
          "version" : "1.0.0",
          "code" : "HL7",
          "display" : "HL7 applied"
        }],
        "text" : "HL7 applied"
      }
    }]
  },
  "address" : [{
    "id" : "50",
    "extension" : [{
      "url" : "http://hl7.org.nz/fhir/StructureDefinition/not-validated-address-reason",
      "valueCodeableConcept" : {
        "coding" : [{
          "system" : "https://standards.digital.health.nz/ns/address-not-validated-reason-code",
          "version" : "1.1",
          "code" : "NOSVC",
          "display" : "Address Service Unavailable"
        }],
        "text" : "Address Service Unavailable"
      }
    },
    {
      "url" : "http://hl7.org.nz/fhir/StructureDefinition/domicile-code",
      "valueCodeableConcept" : {
        "coding" : [{
          "system" : "https://standards.digital.health.nz/ns/domicile-code",
          "code" : "2659",
          "display" : "Richmond North"
        }],
        "text" : "Richmond North"
      }
    },
    {
      "url" : "http://hl7.org.nz/fhir/StructureDefinition/suburb",
      "valueString" : "Richmond"
    }],
    "use" : "home",
    "type" : "physical",
    "line" : ["74 Chancellor Street"],
    "city" : "Christchurch",
    "country" : "NEW ZEALAND"
  },
  {
    "id" : "49",
    "extension" : [{
      "url" : "http://hl7.org.nz/fhir/StructureDefinition/building-name",
      "valueString" : "Building 11"
    },
    {
      "url" : "http://hl7.org.nz/fhir/StructureDefinition/not-validated-address-reason",
      "valueCodeableConcept" : {
        "coding" : [{
          "system" : "https://standards.digital.health.nz/ns/address-not-validated-reason-code",
          "version" : "1.1",
          "code" : "NFAB",
          "display" : "No Fixed Abode"
        }],
        "text" : "No Fixed Abode"
      }
    },
    {
      "url" : "http://hl7.org.nz/fhir/StructureDefinition/domicile-code",
      "valueCodeableConcept" : {
        "coding" : [{
          "system" : "https://standards.digital.health.nz/ns/domicile-code",
          "code" : "9999",
          "display" : "Overseas resident"
        }],
        "text" : "Overseas resident"
      }
    },
    {
      "url" : "http://hl7.org.nz/fhir/StructureDefinition/suburb",
      "valueString" : "darksideodthetracks"
    }],
    "use" : "home",
    "type" : "postal",
    "line" : ["22 macron steet",
    "nowhere"],
    "city" : "darkside",
    "postalCode" : "6066",
    "country" : "SWITZERLAND"
  }]
}