"Path","Slice Name","Alias(s)","Label","Min","Max","Must Support?","Is Modifier?","Is Summary?","Type(s)","Short","Definition","Comments","Requirements","Default Value","Meaning When Missing","Fixed Value","Pattern","Example","Minimum Value","Maximum Value","Maximum Length","Binding Strength","Binding Description","Binding Value Set","Code","Slicing Discriminator","Slicing Description","Slicing Ordered","Slicing Rules","Base Path","Base Min","Base Max","Condition(s)","Constraint(s)","Mapping: RIM Mapping"
"PatientModel","","","",0,*,"","","","","Patient","Representing a person receiving healthcare","","","","","","","","","",,,,,"",,,,"Element",0,*,"ele-1
","ele-1:All FHIR elements must have a @value or children {hasValue() or (children().count() > id.count())}
","n/a"
"PatientModel.id","","","",0,1,"","","","string {[]} {[]}
","Unique id for inter-element referencing","Unique id for the element within a resource (for internal references). This may be any string value that does not contain spaces.","","","","","","","","","",,,,,"",,,,"Element.id",0,1,"","","n/a"
"PatientModel.extension","","extensions
user content","",0,*,"","","","Extension {[]} {[]}
","Additional content defined by implementations","May be used to represent additional information that is not part of the basic definition of the element. To make the use of extensions safe and manageable, there is a strict set of governance  applied to the definition and use of extensions. Though any implementer can define an extension, there is a set of requirements that SHALL be met as part of the definition of the extension.","There can be no stigma associated with the use of extensions by any application, project, or standard - regardless of the institution or jurisdiction that uses or defines the extensions.  The use of extensions is what allows the FHIR specification to retain a core level of simplicity for everyone.","","","","","","","","",,,,,"","value:url}
","Extensions are always sliced by (at least) url",,"open","Element.extension",0,*,"","ele-1:All FHIR elements must have a @value or children {hasValue() or (children().count() > id.count())}
ext-1:Must have either extensions or value[x], not both {extension.exists() != value.exists()}","n/a"
"PatientModel.name","","","",0,1,"","","","HumanName {[]} {[]}
","Name of the practitioner","Name of the practitioner","","","","","","","","","",,,,,"",,,,"PatientModel.name",0,1,"",""
"PatientModel.name.source","","","",0,1,"","","","CodeableConcept {[]} {[]}
","The source of the name","The source of the name","","","","","","","","","",,,,,"",,,,"PatientModel.name.source",0,1,"",""
"PatientModel.gender","","","",0,1,"","","","string {[]} {[]}
","The patients administrative gender","The patients administrative gender","","","","","","","","","",,"required","","http://hl7.org/fhir/ValueSet/administrative-gender","",,,,"PatientModel.gender",0,1,"",""
"PatientModel.gender.originalText","","","",0,1,"","","","string {[]} {[]}
","The text from which the gender was derived","The text from which the gender was derived","","","","","","","","","",,,,,"",,,,"PatientModel.gender.originalText",0,1,"",""
"PatientModel.birthDate","","","",0,1,"","","","date {[]} {[]}
","Date of Birth","Date of Birth","","","","","","","","","",,,,,"",,,,"PatientModel.birthDate",0,1,"",""
"PatientModel.birthDate.source","","","",0,1,"","","","CodeableConcept {[]} {[]}
","The source of the Date of Birth","The source of the Date of Birth","","","","","","","","","",,,,,"",,,,"PatientModel.birthDate.source",0,1,"",""
"PatientModel.deathDate","","","",0,1,"","","","date {[]} {[]}
","Date of Death","Date of Death","","","","","","","","","",,,,,"",,,,"PatientModel.deathDate",0,1,"",""
"PatientModel.deathDate.source","","","",0,1,"","","","CodeableConcept {[]} {[]}
","The source of the Date of Death","The source of the Date of Death","","","","","","","","","",,,,,"",,,,"PatientModel.deathDate.source",0,1,"",""
"PatientModel.ethnicity","","","",0,6,"","","","CodeableConcept {[]} {[]}
","Ethnicity of the provider","Ethnicity of the provider","","","","","","","","","",,"required","","https://nzhts.digital.health.nz/fhir/ValueSet/ethnic-group-level-4-code","",,,,"PatientModel.ethnicity",0,6,"",""
"PatientModel.nhi","","","",1,1,"","","","Identifier {[]} {[]}
","National Health Identifier","National Health Identifier","","","","","","","","","",,,,,"",,,,"PatientModel.nhi",1,1,"",""
"PatientModel.citizenship","","","",0,1,"","","","string {[]} {[]}
","NZ Citizenship status","NZ Citizenship status","","","","","","","","","",,,,,"",,,,"PatientModel.citizenship",0,1,"",""
"PatientModel.citizenship.source","","","",0,1,"","","","CodeableConcept {[]} {[]}
","The source of the citizenship status","The source of the citizenship status","","","","","","","","","",,,,,"",,,,"PatientModel.citizenship.source",0,1,"",""
"PatientModel.birthPlace","","","",0,1,"","","","BackboneElement {[]} {[]}
","Place of Birth","Place of Birth","","","","","","","","","",,,,,"",,,,"PatientModel.birthPlace",0,1,"",""
"PatientModel.birthPlace.country","","","",0,1,"","","","string {[]} {[]}
","Country of Birth","Country of Birth","","","","","","","","","",,,,,"",,,,"PatientModel.birthPlace.country",0,1,"",""
"PatientModel.birthPlace.place","","","",0,1,"","","","string {[]} {[]}
","Area within country","Area within country","","","","","","","","","",,,,,"",,,,"PatientModel.birthPlace.place",0,1,"",""
"PatientModel.birthPlace.source","","","",0,1,"","","","CodeableConcept {[]} {[]}
","The source of the Birth Place","The source of the Birth Place","","","","","","","","","",,,,,"",,,,"PatientModel.birthPlace.source",0,1,"",""
"PatientModel.residency","","","",0,1,"","","","CodeableConcept {[]} {[]}
","residency status","residency status","","","","","","","","","",,,,,"",,,,"PatientModel.residency",0,1,"",""
"PatientModel.residency.source","","","",0,1,"","","","CodeableConcept {[]} {[]}
","The source of the residency status","The source of the residency status","","","","","","","","","",,,,,"",,,,"PatientModel.residency.source",0,1,"",""
