{
  "resourceType": "StructureDefinition",
  "id": "PatientModel",
  "text": {
    "status": "extensions",
    "div": "<div xmlns=\"http://www.w3.org/1999/xhtml\"><table border=\"0\" cellpadding=\"0\" cellspacing=\"0\" style=\"border: 0px #F0F0F0 solid; font-size: 11px; font-family: verdana; vertical-align: top;\"><tr style=\"border: 1px #F0F0F0 solid; font-size: 11px; font-family: verdana; vertical-align: top\"><th style=\"vertical-align: top; text-align : left; background-color: white; border: 0px #F0F0F0 solid; padding:0px 4px 0px 4px\" class=\"hierarchy\"><a href=\"http://hl7.org/fhir/R4/formats.html#table\" title=\"The logical name of the element\">Name</a></th><th style=\"vertical-align: top; text-align : left; background-color: white; border: 0px #F0F0F0 solid; padding:0px 4px 0px 4px\" class=\"hierarchy\"><a href=\"http://hl7.org/fhir/R4/formats.html#table\" title=\"Information about the use of the element\">Flags</a></th><th style=\"vertical-align: top; text-align : left; background-color: white; border: 0px #F0F0F0 solid; padding:0px 4px 0px 4px\" class=\"hierarchy\"><a href=\"http://hl7.org/fhir/R4/formats.html#table\" title=\"Minimum and Maximum # of times the the element can appear in the instance\">Card.</a></th><th style=\"width: 100px\" class=\"hierarchy\"><a href=\"http://hl7.org/fhir/R4/formats.html#table\" title=\"Reference to the type of the element\">Type</a></th><th style=\"vertical-align: top; text-align : left; background-color: white; border: 0px #F0F0F0 solid; padding:0px 4px 0px 4px\" class=\"hierarchy\"><a href=\"http://hl7.org/fhir/R4/formats.html#table\" title=\"Additional information about the element\">Description &amp; Constraints</a><span style=\"float: right\"><a href=\"http://hl7.org/fhir/R4/formats.html#table\" title=\"Legend for this format\"><img src=\"http://hl7.org/fhir/R4/help16.png\" alt=\"doco\" style=\"background-color: inherit\"/></a></span></th></tr><tr style=\"border: 0px #F0F0F0 solid; padding:0px; vertical-align: top; background-color: white\"><td style=\"vertical-align: top; text-align : left; background-color: white; border: 0px #F0F0F0 solid; padding:0px 4px 0px 4px; white-space: nowrap; background-image: url(tbl_bck1.png)\" class=\"hierarchy\"><img src=\"tbl_spacer.png\" alt=\".\" style=\"background-color: inherit\" class=\"hierarchy\"/><img src=\"icon_element.gif\" alt=\".\" style=\"background-color: white; background-color: inherit\" title=\"Element\" class=\"hierarchy\"/> <a href=\"StructureDefinition-PatientModel-definitions.html#PatientModel\" title=\"Representing a person receiving healthcare\">PatientModel</a><a name=\"PatientModel\"> </a></td><td style=\"vertical-align: top; text-align : left; background-color: white; border: 0px #F0F0F0 solid; padding:0px 4px 0px 4px\" class=\"hierarchy\"/><td style=\"vertical-align: top; text-align : left; background-color: white; border: 0px #F0F0F0 solid; padding:0px 4px 0px 4px\" class=\"hierarchy\"><span style=\"opacity: 0.5\">0</span><span style=\"opacity: 0.5\">..</span><span style=\"opacity: 0.5\">*</span></td><td style=\"vertical-align: top; text-align : left; background-color: white; border: 0px #F0F0F0 solid; padding:0px 4px 0px 4px\" class=\"hierarchy\"><a href=\"http://hl7.org/fhir/R4/datatypes.html#Element\">Element</a></td><td style=\"vertical-align: top; text-align : left; background-color: white; border: 0px #F0F0F0 solid; padding:0px 4px 0px 4px\" class=\"hierarchy\">Patient</td></tr>\r\n<tr style=\"border: 0px #F0F0F0 solid; padding:0px; vertical-align: top; background-color: #F7F7F7\"><td style=\"vertical-align: top; text-align : left; background-color: #F7F7F7; border: 0px #F0F0F0 solid; padding:0px 4px 0px 4px; white-space: nowrap; background-image: url(tbl_bck11.png)\" class=\"hierarchy\"><img src=\"tbl_spacer.png\" alt=\".\" style=\"background-color: inherit\" class=\"hierarchy\"/><img src=\"tbl_vjoin.png\" alt=\".\" style=\"background-color: inherit\" class=\"hierarchy\"/><img src=\"icon_datatype.gif\" alt=\".\" style=\"background-color: #F7F7F7; background-color: inherit\" title=\"Data Type\" class=\"hierarchy\"/> <a href=\"StructureDefinition-PatientModel-definitions.html#PatientModel.name\" title=\"Name of the practitioner\">name</a><a name=\"PatientModel.name\"> </a></td><td style=\"vertical-align: top; text-align : left; background-color: #F7F7F7; border: 0px #F0F0F0 solid; padding:0px 4px 0px 4px\" class=\"hierarchy\"/><td style=\"vertical-align: top; text-align : left; background-color: #F7F7F7; border: 0px #F0F0F0 solid; padding:0px 4px 0px 4px\" class=\"hierarchy\">0..1</td><td style=\"vertical-align: top; text-align : left; background-color: #F7F7F7; border: 0px #F0F0F0 solid; padding:0px 4px 0px 4px\" class=\"hierarchy\"><a href=\"http://hl7.org/fhir/R4/datatypes.html#HumanName\">HumanName</a></td><td style=\"vertical-align: top; text-align : left; background-color: #F7F7F7; border: 0px #F0F0F0 solid; padding:0px 4px 0px 4px\" class=\"hierarchy\">Name of the practitioner</td></tr>\r\n<tr style=\"border: 0px #F0F0F0 solid; padding:0px; vertical-align: top; background-color: white\"><td style=\"vertical-align: top; text-align : left; background-color: white; border: 0px #F0F0F0 solid; padding:0px 4px 0px 4px; white-space: nowrap; background-image: url(tbl_bck100.png)\" class=\"hierarchy\"><img src=\"tbl_spacer.png\" alt=\".\" style=\"background-color: inherit\" class=\"hierarchy\"/><img src=\"tbl_vline.png\" alt=\".\" style=\"background-color: inherit\" class=\"hierarchy\"/><img src=\"tbl_vjoin_end.png\" alt=\".\" style=\"background-color: inherit\" class=\"hierarchy\"/><img src=\"icon_datatype.gif\" alt=\".\" style=\"background-color: white; background-color: inherit\" title=\"Data Type\" class=\"hierarchy\"/> <a href=\"StructureDefinition-PatientModel-definitions.html#PatientModel.name.source\" title=\"The source of the name\">source</a><a name=\"PatientModel.name.source\"> </a></td><td style=\"vertical-align: top; text-align : left; background-color: white; border: 0px #F0F0F0 solid; padding:0px 4px 0px 4px\" class=\"hierarchy\"/><td style=\"vertical-align: top; text-align : left; background-color: white; border: 0px #F0F0F0 solid; padding:0px 4px 0px 4px\" class=\"hierarchy\">0..1</td><td style=\"vertical-align: top; text-align : left; background-color: white; border: 0px #F0F0F0 solid; padding:0px 4px 0px 4px\" class=\"hierarchy\"><a href=\"http://hl7.org/fhir/R4/datatypes.html#CodeableConcept\">CodeableConcept</a></td><td style=\"vertical-align: top; text-align : left; background-color: white; border: 0px #F0F0F0 solid; padding:0px 4px 0px 4px\" class=\"hierarchy\">The source of the name</td></tr>\r\n<tr style=\"border: 0px #F0F0F0 solid; padding:0px; vertical-align: top; background-color: #F7F7F7\"><td style=\"vertical-align: top; text-align : left; background-color: #F7F7F7; border: 0px #F0F0F0 solid; padding:0px 4px 0px 4px; white-space: nowrap; background-image: url(tbl_bck11.png)\" class=\"hierarchy\"><img src=\"tbl_spacer.png\" alt=\".\" style=\"background-color: inherit\" class=\"hierarchy\"/><img src=\"tbl_vjoin.png\" alt=\".\" style=\"background-color: inherit\" class=\"hierarchy\"/><img src=\"icon_primitive.png\" alt=\".\" style=\"background-color: #F7F7F7; background-color: inherit\" title=\"Primitive Data Type\" class=\"hierarchy\"/> <a href=\"StructureDefinition-PatientModel-definitions.html#PatientModel.gender\" title=\"The patients administrative gender\">gender</a><a name=\"PatientModel.gender\"> </a></td><td style=\"vertical-align: top; text-align : left; background-color: #F7F7F7; border: 0px #F0F0F0 solid; padding:0px 4px 0px 4px\" class=\"hierarchy\"/><td style=\"vertical-align: top; text-align : left; background-color: #F7F7F7; border: 0px #F0F0F0 solid; padding:0px 4px 0px 4px\" class=\"hierarchy\">0..1</td><td style=\"vertical-align: top; text-align : left; background-color: #F7F7F7; border: 0px #F0F0F0 solid; padding:0px 4px 0px 4px\" class=\"hierarchy\"><a href=\"http://hl7.org/fhir/R4/datatypes.html#string\">string</a></td><td style=\"vertical-align: top; text-align : left; background-color: #F7F7F7; border: 0px #F0F0F0 solid; padding:0px 4px 0px 4px\" class=\"hierarchy\">The patients administrative gender<br/><span style=\"font-weight:bold\">Binding: </span><a href=\"http://hl7.org/fhir/R4/valueset-administrative-gender.html\">AdministrativeGender</a> (<a href=\"http://hl7.org/fhir/R4/terminologies.html#required\" title=\"To be conformant, the concept in this element SHALL be from the specified value set.\">required</a>)</td></tr>\r\n<tr style=\"border: 0px #F0F0F0 solid; padding:0px; vertical-align: top; background-color: white\"><td style=\"vertical-align: top; text-align : left; background-color: white; border: 0px #F0F0F0 solid; padding:0px 4px 0px 4px; white-space: nowrap; background-image: url(tbl_bck100.png)\" class=\"hierarchy\"><img src=\"tbl_spacer.png\" alt=\".\" style=\"background-color: inherit\" class=\"hierarchy\"/><img src=\"tbl_vline.png\" alt=\".\" style=\"background-color: inherit\" class=\"hierarchy\"/><img src=\"tbl_vjoin_end.png\" alt=\".\" style=\"background-color: inherit\" class=\"hierarchy\"/><img src=\"icon_primitive.png\" alt=\".\" style=\"background-color: white; background-color: inherit\" title=\"Primitive Data Type\" class=\"hierarchy\"/> <a href=\"StructureDefinition-PatientModel-definitions.html#PatientModel.gender.originalText\" title=\"The text from which the gender was derived\">originalText</a><a name=\"PatientModel.gender.originalText\"> </a></td><td style=\"vertical-align: top; text-align : left; background-color: white; border: 0px #F0F0F0 solid; padding:0px 4px 0px 4px\" class=\"hierarchy\"/><td style=\"vertical-align: top; text-align : left; background-color: white; border: 0px #F0F0F0 solid; padding:0px 4px 0px 4px\" class=\"hierarchy\">0..1</td><td style=\"vertical-align: top; text-align : left; background-color: white; border: 0px #F0F0F0 solid; padding:0px 4px 0px 4px\" class=\"hierarchy\"><a href=\"http://hl7.org/fhir/R4/datatypes.html#string\">string</a></td><td style=\"vertical-align: top; text-align : left; background-color: white; border: 0px #F0F0F0 solid; padding:0px 4px 0px 4px\" class=\"hierarchy\">The text from which the gender was derived</td></tr>\r\n<tr style=\"border: 0px #F0F0F0 solid; padding:0px; vertical-align: top; background-color: #F7F7F7\"><td style=\"vertical-align: top; text-align : left; background-color: #F7F7F7; border: 0px #F0F0F0 solid; padding:0px 4px 0px 4px; white-space: nowrap; background-image: url(tbl_bck11.png)\" class=\"hierarchy\"><img src=\"tbl_spacer.png\" alt=\".\" style=\"background-color: inherit\" class=\"hierarchy\"/><img src=\"tbl_vjoin.png\" alt=\".\" style=\"background-color: inherit\" class=\"hierarchy\"/><img src=\"icon_primitive.png\" alt=\".\" style=\"background-color: #F7F7F7; background-color: inherit\" title=\"Primitive Data Type\" class=\"hierarchy\"/> <a href=\"StructureDefinition-PatientModel-definitions.html#PatientModel.birthDate\" title=\"Date of Birth\">birthDate</a><a name=\"PatientModel.birthDate\"> </a></td><td style=\"vertical-align: top; text-align : left; background-color: #F7F7F7; border: 0px #F0F0F0 solid; padding:0px 4px 0px 4px\" class=\"hierarchy\"/><td style=\"vertical-align: top; text-align : left; background-color: #F7F7F7; border: 0px #F0F0F0 solid; padding:0px 4px 0px 4px\" class=\"hierarchy\">0..1</td><td style=\"vertical-align: top; text-align : left; background-color: #F7F7F7; border: 0px #F0F0F0 solid; padding:0px 4px 0px 4px\" class=\"hierarchy\"><a href=\"http://hl7.org/fhir/R4/datatypes.html#date\">date</a></td><td style=\"vertical-align: top; text-align : left; background-color: #F7F7F7; border: 0px #F0F0F0 solid; padding:0px 4px 0px 4px\" class=\"hierarchy\">Date of Birth</td></tr>\r\n<tr style=\"border: 0px #F0F0F0 solid; padding:0px; vertical-align: top; background-color: white\"><td style=\"vertical-align: top; text-align : left; background-color: white; border: 0px #F0F0F0 solid; padding:0px 4px 0px 4px; white-space: nowrap; background-image: url(tbl_bck100.png)\" class=\"hierarchy\"><img src=\"tbl_spacer.png\" alt=\".\" style=\"background-color: inherit\" class=\"hierarchy\"/><img src=\"tbl_vline.png\" alt=\".\" style=\"background-color: inherit\" class=\"hierarchy\"/><img src=\"tbl_vjoin_end.png\" alt=\".\" style=\"background-color: inherit\" class=\"hierarchy\"/><img src=\"icon_datatype.gif\" alt=\".\" style=\"background-color: white; background-color: inherit\" title=\"Data Type\" class=\"hierarchy\"/> <a href=\"StructureDefinition-PatientModel-definitions.html#PatientModel.birthDate.source\" title=\"The source of the Date of Birth\">source</a><a name=\"PatientModel.birthDate.source\"> </a></td><td style=\"vertical-align: top; text-align : left; background-color: white; border: 0px #F0F0F0 solid; padding:0px 4px 0px 4px\" class=\"hierarchy\"/><td style=\"vertical-align: top; text-align : left; background-color: white; border: 0px #F0F0F0 solid; padding:0px 4px 0px 4px\" class=\"hierarchy\">0..1</td><td style=\"vertical-align: top; text-align : left; background-color: white; border: 0px #F0F0F0 solid; padding:0px 4px 0px 4px\" class=\"hierarchy\"><a href=\"http://hl7.org/fhir/R4/datatypes.html#CodeableConcept\">CodeableConcept</a></td><td style=\"vertical-align: top; text-align : left; background-color: white; border: 0px #F0F0F0 solid; padding:0px 4px 0px 4px\" class=\"hierarchy\">The source of the Date of Birth</td></tr>\r\n<tr style=\"border: 0px #F0F0F0 solid; padding:0px; vertical-align: top; background-color: #F7F7F7\"><td style=\"vertical-align: top; text-align : left; background-color: #F7F7F7; border: 0px #F0F0F0 solid; padding:0px 4px 0px 4px; white-space: nowrap; background-image: url(tbl_bck11.png)\" class=\"hierarchy\"><img src=\"tbl_spacer.png\" alt=\".\" style=\"background-color: inherit\" class=\"hierarchy\"/><img src=\"tbl_vjoin.png\" alt=\".\" style=\"background-color: inherit\" class=\"hierarchy\"/><img src=\"icon_primitive.png\" alt=\".\" style=\"background-color: #F7F7F7; background-color: inherit\" title=\"Primitive Data Type\" class=\"hierarchy\"/> <a href=\"StructureDefinition-PatientModel-definitions.html#PatientModel.deathDate\" title=\"Date of Death\">deathDate</a><a name=\"PatientModel.deathDate\"> </a></td><td style=\"vertical-align: top; text-align : left; background-color: #F7F7F7; border: 0px #F0F0F0 solid; padding:0px 4px 0px 4px\" class=\"hierarchy\"/><td style=\"vertical-align: top; text-align : left; background-color: #F7F7F7; border: 0px #F0F0F0 solid; padding:0px 4px 0px 4px\" class=\"hierarchy\">0..1</td><td style=\"vertical-align: top; text-align : left; background-color: #F7F7F7; border: 0px #F0F0F0 solid; padding:0px 4px 0px 4px\" class=\"hierarchy\"><a href=\"http://hl7.org/fhir/R4/datatypes.html#date\">date</a></td><td style=\"vertical-align: top; text-align : left; background-color: #F7F7F7; border: 0px #F0F0F0 solid; padding:0px 4px 0px 4px\" class=\"hierarchy\">Date of Death</td></tr>\r\n<tr style=\"border: 0px #F0F0F0 solid; padding:0px; vertical-align: top; background-color: white\"><td style=\"vertical-align: top; text-align : left; background-color: white; border: 0px #F0F0F0 solid; padding:0px 4px 0px 4px; white-space: nowrap; background-image: url(tbl_bck100.png)\" class=\"hierarchy\"><img src=\"tbl_spacer.png\" alt=\".\" style=\"background-color: inherit\" class=\"hierarchy\"/><img src=\"tbl_vline.png\" alt=\".\" style=\"background-color: inherit\" class=\"hierarchy\"/><img src=\"tbl_vjoin_end.png\" alt=\".\" style=\"background-color: inherit\" class=\"hierarchy\"/><img src=\"icon_datatype.gif\" alt=\".\" style=\"background-color: white; background-color: inherit\" title=\"Data Type\" class=\"hierarchy\"/> <a href=\"StructureDefinition-PatientModel-definitions.html#PatientModel.deathDate.source\" title=\"The source of the Date of Death\">source</a><a name=\"PatientModel.deathDate.source\"> </a></td><td style=\"vertical-align: top; text-align : left; background-color: white; border: 0px #F0F0F0 solid; padding:0px 4px 0px 4px\" class=\"hierarchy\"/><td style=\"vertical-align: top; text-align : left; background-color: white; border: 0px #F0F0F0 solid; padding:0px 4px 0px 4px\" class=\"hierarchy\">0..1</td><td style=\"vertical-align: top; text-align : left; background-color: white; border: 0px #F0F0F0 solid; padding:0px 4px 0px 4px\" class=\"hierarchy\"><a href=\"http://hl7.org/fhir/R4/datatypes.html#CodeableConcept\">CodeableConcept</a></td><td style=\"vertical-align: top; text-align : left; background-color: white; border: 0px #F0F0F0 solid; padding:0px 4px 0px 4px\" class=\"hierarchy\">The source of the Date of Death</td></tr>\r\n<tr style=\"border: 0px #F0F0F0 solid; padding:0px; vertical-align: top; background-color: #F7F7F7\"><td style=\"vertical-align: top; text-align : left; background-color: #F7F7F7; border: 0px #F0F0F0 solid; padding:0px 4px 0px 4px; white-space: nowrap; background-image: url(tbl_bck10.png)\" class=\"hierarchy\"><img src=\"tbl_spacer.png\" alt=\".\" style=\"background-color: inherit\" class=\"hierarchy\"/><img src=\"tbl_vjoin.png\" alt=\".\" style=\"background-color: inherit\" class=\"hierarchy\"/><img src=\"icon_datatype.gif\" alt=\".\" style=\"background-color: #F7F7F7; background-color: inherit\" title=\"Data Type\" class=\"hierarchy\"/> <a href=\"StructureDefinition-PatientModel-definitions.html#PatientModel.ethnicity\" title=\"Ethnicity of the provider\">ethnicity</a><a name=\"PatientModel.ethnicity\"> </a></td><td style=\"vertical-align: top; text-align : left; background-color: #F7F7F7; border: 0px #F0F0F0 solid; padding:0px 4px 0px 4px\" class=\"hierarchy\"/><td style=\"vertical-align: top; text-align : left; background-color: #F7F7F7; border: 0px #F0F0F0 solid; padding:0px 4px 0px 4px\" class=\"hierarchy\">0..6</td><td style=\"vertical-align: top; text-align : left; background-color: #F7F7F7; border: 0px #F0F0F0 solid; padding:0px 4px 0px 4px\" class=\"hierarchy\"><a href=\"http://hl7.org/fhir/R4/datatypes.html#CodeableConcept\">CodeableConcept</a></td><td style=\"vertical-align: top; text-align : left; background-color: #F7F7F7; border: 0px #F0F0F0 solid; padding:0px 4px 0px 4px\" class=\"hierarchy\">Ethnicity of the provider<br/><span style=\"font-weight:bold\">Binding: </span><a href=\"https://dev.d3ox9vcqia2rpj.amplifyapp.com/site/ValueSet-hpi-ethnicity-2.0.html\">Ethnicity New Zealand Standard Classification 2005 (level 4)</a> (<a href=\"http://hl7.org/fhir/R4/terminologies.html#required\" title=\"To be conformant, the concept in this element SHALL be from the specified value set.\">required</a>)</td></tr>\r\n<tr style=\"border: 0px #F0F0F0 solid; padding:0px; vertical-align: top; background-color: white\"><td style=\"vertical-align: top; text-align : left; background-color: white; border: 0px #F0F0F0 solid; padding:0px 4px 0px 4px; white-space: nowrap; background-image: url(tbl_bck10.png)\" class=\"hierarchy\"><img src=\"tbl_spacer.png\" alt=\".\" style=\"background-color: inherit\" class=\"hierarchy\"/><img src=\"tbl_vjoin.png\" alt=\".\" style=\"background-color: inherit\" class=\"hierarchy\"/><img src=\"icon_datatype.gif\" alt=\".\" style=\"background-color: white; background-color: inherit\" title=\"Data Type\" class=\"hierarchy\"/> <a href=\"StructureDefinition-PatientModel-definitions.html#PatientModel.nhi\" title=\"National Health Identifier\">nhi</a><a name=\"PatientModel.nhi\"> </a></td><td style=\"vertical-align: top; text-align : left; background-color: white; border: 0px #F0F0F0 solid; padding:0px 4px 0px 4px\" class=\"hierarchy\"/><td style=\"vertical-align: top; text-align : left; background-color: white; border: 0px #F0F0F0 solid; padding:0px 4px 0px 4px\" class=\"hierarchy\">1..1</td><td style=\"vertical-align: top; text-align : left; background-color: white; border: 0px #F0F0F0 solid; padding:0px 4px 0px 4px\" class=\"hierarchy\"><a href=\"http://hl7.org/fhir/R4/datatypes.html#Identifier\">Identifier</a></td><td style=\"vertical-align: top; text-align : left; background-color: white; border: 0px #F0F0F0 solid; padding:0px 4px 0px 4px\" class=\"hierarchy\">National Health Identifier</td></tr>\r\n<tr style=\"border: 0px #F0F0F0 solid; padding:0px; vertical-align: top; background-color: #F7F7F7\"><td style=\"vertical-align: top; text-align : left; background-color: #F7F7F7; border: 0px #F0F0F0 solid; padding:0px 4px 0px 4px; white-space: nowrap; background-image: url(tbl_bck11.png)\" class=\"hierarchy\"><img src=\"tbl_spacer.png\" alt=\".\" style=\"background-color: inherit\" class=\"hierarchy\"/><img src=\"tbl_vjoin.png\" alt=\".\" style=\"background-color: inherit\" class=\"hierarchy\"/><img src=\"icon_primitive.png\" alt=\".\" style=\"background-color: #F7F7F7; background-color: inherit\" title=\"Primitive Data Type\" class=\"hierarchy\"/> <a href=\"StructureDefinition-PatientModel-definitions.html#PatientModel.citizenship\" title=\"NZ Citizenship status\">citizenship</a><a name=\"PatientModel.citizenship\"> </a></td><td style=\"vertical-align: top; text-align : left; background-color: #F7F7F7; border: 0px #F0F0F0 solid; padding:0px 4px 0px 4px\" class=\"hierarchy\"/><td style=\"vertical-align: top; text-align : left; background-color: #F7F7F7; border: 0px #F0F0F0 solid; padding:0px 4px 0px 4px\" class=\"hierarchy\">0..1</td><td style=\"vertical-align: top; text-align : left; background-color: #F7F7F7; border: 0px #F0F0F0 solid; padding:0px 4px 0px 4px\" class=\"hierarchy\"><a href=\"http://hl7.org/fhir/R4/datatypes.html#string\">string</a></td><td style=\"vertical-align: top; text-align : left; background-color: #F7F7F7; border: 0px #F0F0F0 solid; padding:0px 4px 0px 4px\" class=\"hierarchy\">NZ Citizenship status</td></tr>\r\n<tr style=\"border: 0px #F0F0F0 solid; padding:0px; vertical-align: top; background-color: white\"><td style=\"vertical-align: top; text-align : left; background-color: white; border: 0px #F0F0F0 solid; padding:0px 4px 0px 4px; white-space: nowrap; background-image: url(tbl_bck100.png)\" class=\"hierarchy\"><img src=\"tbl_spacer.png\" alt=\".\" style=\"background-color: inherit\" class=\"hierarchy\"/><img src=\"tbl_vline.png\" alt=\".\" style=\"background-color: inherit\" class=\"hierarchy\"/><img src=\"tbl_vjoin_end.png\" alt=\".\" style=\"background-color: inherit\" class=\"hierarchy\"/><img src=\"icon_datatype.gif\" alt=\".\" style=\"background-color: white; background-color: inherit\" title=\"Data Type\" class=\"hierarchy\"/> <a href=\"StructureDefinition-PatientModel-definitions.html#PatientModel.citizenship.source\" title=\"The source of the citizenship status\">source</a><a name=\"PatientModel.citizenship.source\"> </a></td><td style=\"vertical-align: top; text-align : left; background-color: white; border: 0px #F0F0F0 solid; padding:0px 4px 0px 4px\" class=\"hierarchy\"/><td style=\"vertical-align: top; text-align : left; background-color: white; border: 0px #F0F0F0 solid; padding:0px 4px 0px 4px\" class=\"hierarchy\">0..1</td><td style=\"vertical-align: top; text-align : left; background-color: white; border: 0px #F0F0F0 solid; padding:0px 4px 0px 4px\" class=\"hierarchy\"><a href=\"http://hl7.org/fhir/R4/datatypes.html#CodeableConcept\">CodeableConcept</a></td><td style=\"vertical-align: top; text-align : left; background-color: white; border: 0px #F0F0F0 solid; padding:0px 4px 0px 4px\" class=\"hierarchy\">The source of the citizenship status</td></tr>\r\n<tr style=\"border: 0px #F0F0F0 solid; padding:0px; vertical-align: top; background-color: #F7F7F7\"><td style=\"vertical-align: top; text-align : left; background-color: #F7F7F7; border: 0px #F0F0F0 solid; padding:0px 4px 0px 4px; white-space: nowrap; background-image: url(tbl_bck11.png)\" class=\"hierarchy\"><img src=\"tbl_spacer.png\" alt=\".\" style=\"background-color: inherit\" class=\"hierarchy\"/><img src=\"tbl_vjoin.png\" alt=\".\" style=\"background-color: inherit\" class=\"hierarchy\"/><img src=\"icon_datatype.gif\" alt=\".\" style=\"background-color: #F7F7F7; background-color: inherit\" title=\"Data Type\" class=\"hierarchy\"/> <a href=\"StructureDefinition-PatientModel-definitions.html#PatientModel.birthPlace\" title=\"Place of Birth\">birthPlace</a><a name=\"PatientModel.birthPlace\"> </a></td><td style=\"vertical-align: top; text-align : left; background-color: #F7F7F7; border: 0px #F0F0F0 solid; padding:0px 4px 0px 4px\" class=\"hierarchy\"/><td style=\"vertical-align: top; text-align : left; background-color: #F7F7F7; border: 0px #F0F0F0 solid; padding:0px 4px 0px 4px\" class=\"hierarchy\">0..1</td><td style=\"vertical-align: top; text-align : left; background-color: #F7F7F7; border: 0px #F0F0F0 solid; padding:0px 4px 0px 4px\" class=\"hierarchy\"><a href=\"http://hl7.org/fhir/R4/datatypes.html#BackboneElement\">BackboneElement</a></td><td style=\"vertical-align: top; text-align : left; background-color: #F7F7F7; border: 0px #F0F0F0 solid; padding:0px 4px 0px 4px\" class=\"hierarchy\">Place of Birth</td></tr>\r\n<tr style=\"border: 0px #F0F0F0 solid; padding:0px; vertical-align: top; background-color: white\"><td style=\"vertical-align: top; text-align : left; background-color: white; border: 0px #F0F0F0 solid; padding:0px 4px 0px 4px; white-space: nowrap; background-image: url(tbl_bck110.png)\" class=\"hierarchy\"><img src=\"tbl_spacer.png\" alt=\".\" style=\"background-color: inherit\" class=\"hierarchy\"/><img src=\"tbl_vline.png\" alt=\".\" style=\"background-color: inherit\" class=\"hierarchy\"/><img src=\"tbl_vjoin.png\" alt=\".\" style=\"background-color: inherit\" class=\"hierarchy\"/><img src=\"icon_primitive.png\" alt=\".\" style=\"background-color: white; background-color: inherit\" title=\"Primitive Data Type\" class=\"hierarchy\"/> <a href=\"StructureDefinition-PatientModel-definitions.html#PatientModel.birthPlace.country\" title=\"Country of Birth\">country</a><a name=\"PatientModel.birthPlace.country\"> </a></td><td style=\"vertical-align: top; text-align : left; background-color: white; border: 0px #F0F0F0 solid; padding:0px 4px 0px 4px\" class=\"hierarchy\"/><td style=\"vertical-align: top; text-align : left; background-color: white; border: 0px #F0F0F0 solid; padding:0px 4px 0px 4px\" class=\"hierarchy\">0..1</td><td style=\"vertical-align: top; text-align : left; background-color: white; border: 0px #F0F0F0 solid; padding:0px 4px 0px 4px\" class=\"hierarchy\"><a href=\"http://hl7.org/fhir/R4/datatypes.html#string\">string</a></td><td style=\"vertical-align: top; text-align : left; background-color: white; border: 0px #F0F0F0 solid; padding:0px 4px 0px 4px\" class=\"hierarchy\">Country of Birth</td></tr>\r\n<tr style=\"border: 0px #F0F0F0 solid; padding:0px; vertical-align: top; background-color: #F7F7F7\"><td style=\"vertical-align: top; text-align : left; background-color: #F7F7F7; border: 0px #F0F0F0 solid; padding:0px 4px 0px 4px; white-space: nowrap; background-image: url(tbl_bck110.png)\" class=\"hierarchy\"><img src=\"tbl_spacer.png\" alt=\".\" style=\"background-color: inherit\" class=\"hierarchy\"/><img src=\"tbl_vline.png\" alt=\".\" style=\"background-color: inherit\" class=\"hierarchy\"/><img src=\"tbl_vjoin.png\" alt=\".\" style=\"background-color: inherit\" class=\"hierarchy\"/><img src=\"icon_primitive.png\" alt=\".\" style=\"background-color: #F7F7F7; background-color: inherit\" title=\"Primitive Data Type\" class=\"hierarchy\"/> <a href=\"StructureDefinition-PatientModel-definitions.html#PatientModel.birthPlace.place\" title=\"Area within country\">place</a><a name=\"PatientModel.birthPlace.place\"> </a></td><td style=\"vertical-align: top; text-align : left; background-color: #F7F7F7; border: 0px #F0F0F0 solid; padding:0px 4px 0px 4px\" class=\"hierarchy\"/><td style=\"vertical-align: top; text-align : left; background-color: #F7F7F7; border: 0px #F0F0F0 solid; padding:0px 4px 0px 4px\" class=\"hierarchy\">0..1</td><td style=\"vertical-align: top; text-align : left; background-color: #F7F7F7; border: 0px #F0F0F0 solid; padding:0px 4px 0px 4px\" class=\"hierarchy\"><a href=\"http://hl7.org/fhir/R4/datatypes.html#string\">string</a></td><td style=\"vertical-align: top; text-align : left; background-color: #F7F7F7; border: 0px #F0F0F0 solid; padding:0px 4px 0px 4px\" class=\"hierarchy\">Area within country</td></tr>\r\n<tr style=\"border: 0px #F0F0F0 solid; padding:0px; vertical-align: top; background-color: white\"><td style=\"vertical-align: top; text-align : left; background-color: white; border: 0px #F0F0F0 solid; padding:0px 4px 0px 4px; white-space: nowrap; background-image: url(tbl_bck100.png)\" class=\"hierarchy\"><img src=\"tbl_spacer.png\" alt=\".\" style=\"background-color: inherit\" class=\"hierarchy\"/><img src=\"tbl_vline.png\" alt=\".\" style=\"background-color: inherit\" class=\"hierarchy\"/><img src=\"tbl_vjoin_end.png\" alt=\".\" style=\"background-color: inherit\" class=\"hierarchy\"/><img src=\"icon_datatype.gif\" alt=\".\" style=\"background-color: white; background-color: inherit\" title=\"Data Type\" class=\"hierarchy\"/> <a href=\"StructureDefinition-PatientModel-definitions.html#PatientModel.birthPlace.source\" title=\"The source of the Birth Place\">source</a><a name=\"PatientModel.birthPlace.source\"> </a></td><td style=\"vertical-align: top; text-align : left; background-color: white; border: 0px #F0F0F0 solid; padding:0px 4px 0px 4px\" class=\"hierarchy\"/><td style=\"vertical-align: top; text-align : left; background-color: white; border: 0px #F0F0F0 solid; padding:0px 4px 0px 4px\" class=\"hierarchy\">0..1</td><td style=\"vertical-align: top; text-align : left; background-color: white; border: 0px #F0F0F0 solid; padding:0px 4px 0px 4px\" class=\"hierarchy\"><a href=\"http://hl7.org/fhir/R4/datatypes.html#CodeableConcept\">CodeableConcept</a></td><td style=\"vertical-align: top; text-align : left; background-color: white; border: 0px #F0F0F0 solid; padding:0px 4px 0px 4px\" class=\"hierarchy\">The source of the Birth Place</td></tr>\r\n<tr style=\"border: 0px #F0F0F0 solid; padding:0px; vertical-align: top; background-color: #F7F7F7\"><td style=\"vertical-align: top; text-align : left; background-color: #F7F7F7; border: 0px #F0F0F0 solid; padding:0px 4px 0px 4px; white-space: nowrap; background-image: url(tbl_bck01.png)\" class=\"hierarchy\"><img src=\"tbl_spacer.png\" alt=\".\" style=\"background-color: inherit\" class=\"hierarchy\"/><img src=\"tbl_vjoin_end.png\" alt=\".\" style=\"background-color: inherit\" class=\"hierarchy\"/><img src=\"icon_datatype.gif\" alt=\".\" style=\"background-color: #F7F7F7; background-color: inherit\" title=\"Data Type\" class=\"hierarchy\"/> <a href=\"StructureDefinition-PatientModel-definitions.html#PatientModel.residency\" title=\"residency status\">residency</a><a name=\"PatientModel.residency\"> </a></td><td style=\"vertical-align: top; text-align : left; background-color: #F7F7F7; border: 0px #F0F0F0 solid; padding:0px 4px 0px 4px\" class=\"hierarchy\"/><td style=\"vertical-align: top; text-align : left; background-color: #F7F7F7; border: 0px #F0F0F0 solid; padding:0px 4px 0px 4px\" class=\"hierarchy\">0..1</td><td style=\"vertical-align: top; text-align : left; background-color: #F7F7F7; border: 0px #F0F0F0 solid; padding:0px 4px 0px 4px\" class=\"hierarchy\"><a href=\"http://hl7.org/fhir/R4/datatypes.html#CodeableConcept\">CodeableConcept</a></td><td style=\"vertical-align: top; text-align : left; background-color: #F7F7F7; border: 0px #F0F0F0 solid; padding:0px 4px 0px 4px\" class=\"hierarchy\">residency status</td></tr>\r\n<tr style=\"border: 0px #F0F0F0 solid; padding:0px; vertical-align: top; background-color: white\"><td style=\"vertical-align: top; text-align : left; background-color: white; border: 0px #F0F0F0 solid; padding:0px 4px 0px 4px; white-space: nowrap; background-image: url(tbl_bck000.png)\" class=\"hierarchy\"><img src=\"tbl_spacer.png\" alt=\".\" style=\"background-color: inherit\" class=\"hierarchy\"/><img src=\"tbl_blank.png\" alt=\".\" style=\"background-color: inherit\" class=\"hierarchy\"/><img src=\"tbl_vjoin_end.png\" alt=\".\" style=\"background-color: inherit\" class=\"hierarchy\"/><img src=\"icon_datatype.gif\" alt=\".\" style=\"background-color: white; background-color: inherit\" title=\"Data Type\" class=\"hierarchy\"/> <a href=\"StructureDefinition-PatientModel-definitions.html#PatientModel.residency.source\" title=\"The source of the residency status\">source</a><a name=\"PatientModel.residency.source\"> </a></td><td style=\"vertical-align: top; text-align : left; background-color: white; border: 0px #F0F0F0 solid; padding:0px 4px 0px 4px\" class=\"hierarchy\"/><td style=\"vertical-align: top; text-align : left; background-color: white; border: 0px #F0F0F0 solid; padding:0px 4px 0px 4px\" class=\"hierarchy\">0..1</td><td style=\"vertical-align: top; text-align : left; background-color: white; border: 0px #F0F0F0 solid; padding:0px 4px 0px 4px\" class=\"hierarchy\"><a href=\"http://hl7.org/fhir/R4/datatypes.html#CodeableConcept\">CodeableConcept</a></td><td style=\"vertical-align: top; text-align : left; background-color: white; border: 0px #F0F0F0 solid; padding:0px 4px 0px 4px\" class=\"hierarchy\">The source of the residency status</td></tr>\r\n<tr><td colspan=\"5\" class=\"hierarchy\"><br/><a href=\"http://hl7.org/fhir/R4/formats.html#table\" title=\"Legend for this format\"><img src=\"http://hl7.org/fhir/R4/help16.png\" alt=\"doco\" style=\"background-color: inherit\"/> Documentation for this format</a></td></tr></table></div>"
  },
  "url": "http://hl7.org.nz/fhir/ig/nhi/StructureDefinition/PatientModel",
  "version": "0.11.0 snapshot",
  "name": "PatientModel",
  "title": "Patient",
  "status": "active",
  "date": "2022-08-03T01:20:49+00:00",
  "publisher": "Ministry of Health",
  "contact": [
    {
      "name": "Ministry of Health",
      "telecom": [
        {
          "system": "email",
          "value": "mailto:integration@health.govt.nz"
        }
      ]
    }
  ],
  "description": "Representing a person receiving healthcare",
  "fhirVersion": "4.0.1",
  "mapping": [
    {
      "identity": "rim",
      "uri": "http://hl7.org/v3",
      "name": "RIM Mapping"
    }
  ],
  "kind": "logical",
  "abstract": false,
  "type": "http://hl7.org.nz/fhir/ig/nhi/StructureDefinition/PatientModel",
  "baseDefinition": "http://hl7.org/fhir/StructureDefinition/Element",
  "derivation": "specialization",
  "snapshot": {
    "element": [
      {
        "id": "PatientModel",
        "path": "PatientModel",
        "short": "Patient",
        "definition": "Representing a person receiving healthcare",
        "min": 0,
        "max": "*",
        "base": {
          "path": "Element",
          "min": 0,
          "max": "*"
        },
        "condition": [
          "ele-1"
        ],
        "constraint": [
          {
            "key": "ele-1",
            "severity": "error",
            "human": "All FHIR elements must have a @value or children",
            "expression": "hasValue() or (children().count() > id.count())",
            "xpath": "@value|f:*|h:div",
            "source": "http://hl7.org/fhir/StructureDefinition/Element"
          }
        ],
        "isModifier": false,
        "mapping": [
          {
            "identity": "rim",
            "map": "n/a"
          }
        ]
      },
      {
        "id": "PatientModel.id",
        "path": "PatientModel.id",
        "representation": [
          "xmlAttr"
        ],
        "short": "Unique id for inter-element referencing",
        "definition": "Unique id for the element within a resource (for internal references). This may be any string value that does not contain spaces.",
        "min": 0,
        "max": "1",
        "base": {
          "path": "Element.id",
          "min": 0,
          "max": "1"
        },
        "type": [
          {
            "extension": [
              {
                "url": "http://hl7.org/fhir/StructureDefinition/structuredefinition-fhir-type",
                "valueUrl": "string"
              }
            ],
            "code": "http://hl7.org/fhirpath/System.String"
          }
        ],
        "isModifier": false,
        "isSummary": false,
        "mapping": [
          {
            "identity": "rim",
            "map": "n/a"
          }
        ]
      },
      {
        "id": "PatientModel.extension",
        "path": "PatientModel.extension",
        "slicing": {
          "discriminator": [
            {
              "type": "value",
              "path": "url"
            }
          ],
          "description": "Extensions are always sliced by (at least) url",
          "rules": "open"
        },
        "short": "Additional content defined by implementations",
        "definition": "May be used to represent additional information that is not part of the basic definition of the element. To make the use of extensions safe and manageable, there is a strict set of governance  applied to the definition and use of extensions. Though any implementer can define an extension, there is a set of requirements that SHALL be met as part of the definition of the extension.",
        "comment": "There can be no stigma associated with the use of extensions by any application, project, or standard - regardless of the institution or jurisdiction that uses or defines the extensions.  The use of extensions is what allows the FHIR specification to retain a core level of simplicity for everyone.",
        "alias": [
          "extensions",
          "user content"
        ],
        "min": 0,
        "max": "*",
        "base": {
          "path": "Element.extension",
          "min": 0,
          "max": "*"
        },
        "type": [
          {
            "code": "Extension"
          }
        ],
        "constraint": [
          {
            "key": "ele-1",
            "severity": "error",
            "human": "All FHIR elements must have a @value or children",
            "expression": "hasValue() or (children().count() > id.count())",
            "xpath": "@value|f:*|h:div",
            "source": "http://hl7.org/fhir/StructureDefinition/Element"
          },
          {
            "key": "ext-1",
            "severity": "error",
            "human": "Must have either extensions or value[x], not both",
            "expression": "extension.exists() != value.exists()",
            "xpath": "exists(f:extension)!=exists(f:*[starts-with(local-name(.), \"value\")])",
            "source": "http://hl7.org/fhir/StructureDefinition/Extension"
          }
        ],
        "isModifier": false,
        "isSummary": false,
        "mapping": [
          {
            "identity": "rim",
            "map": "n/a"
          }
        ]
      },
      {
        "id": "PatientModel.name",
        "path": "PatientModel.name",
        "short": "Name of the practitioner",
        "definition": "Name of the practitioner",
        "min": 0,
        "max": "1",
        "base": {
          "path": "PatientModel.name",
          "min": 0,
          "max": "1"
        },
        "type": [
          {
            "code": "HumanName"
          }
        ]
      },
      {
        "id": "PatientModel.name.source",
        "path": "PatientModel.name.source",
        "short": "The source of the name",
        "definition": "The source of the name",
        "min": 0,
        "max": "1",
        "base": {
          "path": "PatientModel.name.source",
          "min": 0,
          "max": "1"
        },
        "type": [
          {
            "code": "CodeableConcept"
          }
        ]
      },
      {
        "id": "PatientModel.gender",
        "path": "PatientModel.gender",
        "short": "The patients administrative gender",
        "definition": "The patients administrative gender",
        "min": 0,
        "max": "1",
        "base": {
          "path": "PatientModel.gender",
          "min": 0,
          "max": "1"
        },
        "type": [
          {
            "code": "string"
          }
        ],
        "binding": {
          "strength": "required",
          "valueSet": "http://hl7.org/fhir/ValueSet/administrative-gender"
        }
      },
      {
        "id": "PatientModel.gender.originalText",
        "path": "PatientModel.gender.originalText",
        "short": "The text from which the gender was derived",
        "definition": "The text from which the gender was derived",
        "min": 0,
        "max": "1",
        "base": {
          "path": "PatientModel.gender.originalText",
          "min": 0,
          "max": "1"
        },
        "type": [
          {
            "code": "string"
          }
        ]
      },
      {
        "id": "PatientModel.birthDate",
        "path": "PatientModel.birthDate",
        "short": "Date of Birth",
        "definition": "Date of Birth",
        "min": 0,
        "max": "1",
        "base": {
          "path": "PatientModel.birthDate",
          "min": 0,
          "max": "1"
        },
        "type": [
          {
            "code": "date"
          }
        ]
      },
      {
        "id": "PatientModel.birthDate.source",
        "path": "PatientModel.birthDate.source",
        "short": "The source of the Date of Birth",
        "definition": "The source of the Date of Birth",
        "min": 0,
        "max": "1",
        "base": {
          "path": "PatientModel.birthDate.source",
          "min": 0,
          "max": "1"
        },
        "type": [
          {
            "code": "CodeableConcept"
          }
        ]
      },
      {
        "id": "PatientModel.deathDate",
        "path": "PatientModel.deathDate",
        "short": "Date of Death",
        "definition": "Date of Death",
        "min": 0,
        "max": "1",
        "base": {
          "path": "PatientModel.deathDate",
          "min": 0,
          "max": "1"
        },
        "type": [
          {
            "code": "date"
          }
        ]
      },
      {
        "id": "PatientModel.deathDate.source",
        "path": "PatientModel.deathDate.source",
        "short": "The source of the Date of Death",
        "definition": "The source of the Date of Death",
        "min": 0,
        "max": "1",
        "base": {
          "path": "PatientModel.deathDate.source",
          "min": 0,
          "max": "1"
        },
        "type": [
          {
            "code": "CodeableConcept"
          }
        ]
      },
      {
        "id": "PatientModel.ethnicity",
        "path": "PatientModel.ethnicity",
        "short": "Ethnicity of the provider",
        "definition": "Ethnicity of the provider",
        "min": 0,
        "max": "6",
        "base": {
          "path": "PatientModel.ethnicity",
          "min": 0,
          "max": "6"
        },
        "type": [
          {
            "code": "CodeableConcept"
          }
        ],
        "binding": {
          "strength": "required",
          "valueSet": "https://nzhts.digital.health.nz/fhir/ValueSet/ethnic-group-level-4-code"
        }
      },
      {
        "id": "PatientModel.nhi",
        "path": "PatientModel.nhi",
        "short": "National Health Identifier",
        "definition": "National Health Identifier",
        "min": 1,
        "max": "1",
        "base": {
          "path": "PatientModel.nhi",
          "min": 1,
          "max": "1"
        },
        "type": [
          {
            "code": "Identifier"
          }
        ]
      },
      {
        "id": "PatientModel.citizenship",
        "path": "PatientModel.citizenship",
        "short": "NZ Citizenship status",
        "definition": "NZ Citizenship status",
        "min": 0,
        "max": "1",
        "base": {
          "path": "PatientModel.citizenship",
          "min": 0,
          "max": "1"
        },
        "type": [
          {
            "code": "string"
          }
        ]
      },
      {
        "id": "PatientModel.citizenship.source",
        "path": "PatientModel.citizenship.source",
        "short": "The source of the citizenship status",
        "definition": "The source of the citizenship status",
        "min": 0,
        "max": "1",
        "base": {
          "path": "PatientModel.citizenship.source",
          "min": 0,
          "max": "1"
        },
        "type": [
          {
            "code": "CodeableConcept"
          }
        ]
      },
      {
        "id": "PatientModel.birthPlace",
        "path": "PatientModel.birthPlace",
        "short": "Place of Birth",
        "definition": "Place of Birth",
        "min": 0,
        "max": "1",
        "base": {
          "path": "PatientModel.birthPlace",
          "min": 0,
          "max": "1"
        },
        "type": [
          {
            "code": "BackboneElement"
          }
        ]
      },
      {
        "id": "PatientModel.birthPlace.country",
        "path": "PatientModel.birthPlace.country",
        "short": "Country of Birth",
        "definition": "Country of Birth",
        "min": 0,
        "max": "1",
        "base": {
          "path": "PatientModel.birthPlace.country",
          "min": 0,
          "max": "1"
        },
        "type": [
          {
            "code": "string"
          }
        ]
      },
      {
        "id": "PatientModel.birthPlace.place",
        "path": "PatientModel.birthPlace.place",
        "short": "Area within country",
        "definition": "Area within country",
        "min": 0,
        "max": "1",
        "base": {
          "path": "PatientModel.birthPlace.place",
          "min": 0,
          "max": "1"
        },
        "type": [
          {
            "code": "string"
          }
        ]
      },
      {
        "id": "PatientModel.birthPlace.source",
        "path": "PatientModel.birthPlace.source",
        "short": "The source of the Birth Place",
        "definition": "The source of the Birth Place",
        "min": 0,
        "max": "1",
        "base": {
          "path": "PatientModel.birthPlace.source",
          "min": 0,
          "max": "1"
        },
        "type": [
          {
            "code": "CodeableConcept"
          }
        ]
      },
      {
        "id": "PatientModel.residency",
        "path": "PatientModel.residency",
        "short": "residency status",
        "definition": "residency status",
        "min": 0,
        "max": "1",
        "base": {
          "path": "PatientModel.residency",
          "min": 0,
          "max": "1"
        },
        "type": [
          {
            "code": "CodeableConcept"
          }
        ]
      },
      {
        "id": "PatientModel.residency.source",
        "path": "PatientModel.residency.source",
        "short": "The source of the residency status",
        "definition": "The source of the residency status",
        "min": 0,
        "max": "1",
        "base": {
          "path": "PatientModel.residency.source",
          "min": 0,
          "max": "1"
        },
        "type": [
          {
            "code": "CodeableConcept"
          }
        ]
      }
    ]
  },
  "differential": {
    "element": [
      {
        "id": "PatientModel",
        "path": "PatientModel",
        "short": "Patient",
        "definition": "Representing a person receiving healthcare"
      },
      {
        "id": "PatientModel.name",
        "path": "PatientModel.name",
        "short": "Name of the practitioner",
        "definition": "Name of the practitioner",
        "min": 0,
        "max": "1",
        "type": [
          {
            "code": "HumanName"
          }
        ]
      },
      {
        "id": "PatientModel.name.source",
        "path": "PatientModel.name.source",
        "short": "The source of the name",
        "definition": "The source of the name",
        "min": 0,
        "max": "1",
        "type": [
          {
            "code": "CodeableConcept"
          }
        ]
      },
      {
        "id": "PatientModel.gender",
        "path": "PatientModel.gender",
        "short": "The patients administrative gender",
        "definition": "The patients administrative gender",
        "min": 0,
        "max": "1",
        "type": [
          {
            "code": "string"
          }
        ],
        "binding": {
          "strength": "required",
          "valueSet": "http://hl7.org/fhir/ValueSet/administrative-gender"
        }
      },
      {
        "id": "PatientModel.gender.originalText",
        "path": "PatientModel.gender.originalText",
        "short": "The text from which the gender was derived",
        "definition": "The text from which the gender was derived",
        "min": 0,
        "max": "1",
        "type": [
          {
            "code": "string"
          }
        ]
      },
      {
        "id": "PatientModel.birthDate",
        "path": "PatientModel.birthDate",
        "short": "Date of Birth",
        "definition": "Date of Birth",
        "min": 0,
        "max": "1",
        "type": [
          {
            "code": "date"
          }
        ]
      },
      {
        "id": "PatientModel.birthDate.source",
        "path": "PatientModel.birthDate.source",
        "short": "The source of the Date of Birth",
        "definition": "The source of the Date of Birth",
        "min": 0,
        "max": "1",
        "type": [
          {
            "code": "CodeableConcept"
          }
        ]
      },
      {
        "id": "PatientModel.deathDate",
        "path": "PatientModel.deathDate",
        "short": "Date of Death",
        "definition": "Date of Death",
        "min": 0,
        "max": "1",
        "type": [
          {
            "code": "date"
          }
        ]
      },
      {
        "id": "PatientModel.deathDate.source",
        "path": "PatientModel.deathDate.source",
        "short": "The source of the Date of Death",
        "definition": "The source of the Date of Death",
        "min": 0,
        "max": "1",
        "type": [
          {
            "code": "CodeableConcept"
          }
        ]
      },
      {
        "id": "PatientModel.ethnicity",
        "path": "PatientModel.ethnicity",
        "short": "Ethnicity of the provider",
        "definition": "Ethnicity of the provider",
        "min": 0,
        "max": "6",
        "type": [
          {
            "code": "CodeableConcept"
          }
        ],
        "binding": {
          "strength": "required",
          "valueSet": "https://nzhts.digital.health.nz/fhir/ValueSet/ethnic-group-level-4-code"
        }
      },
      {
        "id": "PatientModel.nhi",
        "path": "PatientModel.nhi",
        "short": "National Health Identifier",
        "definition": "National Health Identifier",
        "min": 1,
        "max": "1",
        "type": [
          {
            "code": "Identifier"
          }
        ]
      },
      {
        "id": "PatientModel.citizenship",
        "path": "PatientModel.citizenship",
        "short": "NZ Citizenship status",
        "definition": "NZ Citizenship status",
        "min": 0,
        "max": "1",
        "type": [
          {
            "code": "string"
          }
        ]
      },
      {
        "id": "PatientModel.citizenship.source",
        "path": "PatientModel.citizenship.source",
        "short": "The source of the citizenship status",
        "definition": "The source of the citizenship status",
        "min": 0,
        "max": "1",
        "type": [
          {
            "code": "CodeableConcept"
          }
        ]
      },
      {
        "id": "PatientModel.birthPlace",
        "path": "PatientModel.birthPlace",
        "short": "Place of Birth",
        "definition": "Place of Birth",
        "min": 0,
        "max": "1",
        "type": [
          {
            "code": "BackboneElement"
          }
        ]
      },
      {
        "id": "PatientModel.birthPlace.country",
        "path": "PatientModel.birthPlace.country",
        "short": "Country of Birth",
        "definition": "Country of Birth",
        "min": 0,
        "max": "1",
        "type": [
          {
            "code": "string"
          }
        ]
      },
      {
        "id": "PatientModel.birthPlace.place",
        "path": "PatientModel.birthPlace.place",
        "short": "Area within country",
        "definition": "Area within country",
        "min": 0,
        "max": "1",
        "type": [
          {
            "code": "string"
          }
        ]
      },
      {
        "id": "PatientModel.birthPlace.source",
        "path": "PatientModel.birthPlace.source",
        "short": "The source of the Birth Place",
        "definition": "The source of the Birth Place",
        "min": 0,
        "max": "1",
        "type": [
          {
            "code": "CodeableConcept"
          }
        ]
      },
      {
        "id": "PatientModel.residency",
        "path": "PatientModel.residency",
        "short": "residency status",
        "definition": "residency status",
        "min": 0,
        "max": "1",
        "type": [
          {
            "code": "CodeableConcept"
          }
        ]
      },
      {
        "id": "PatientModel.residency.source",
        "path": "PatientModel.residency.source",
        "short": "The source of the residency status",
        "definition": "The source of the residency status",
        "min": 0,
        "max": "1",
        "type": [
          {
            "code": "CodeableConcept"
          }
        ]
      }
    ]
  }
}