{
  "resourceType" : "StructureDefinition",
  "id" : "PatientModel",
  "text" : {
    "status" : "extensions",
    "div" : "<div xmlns=\"http://www.w3.org/1999/xhtml\">Placeholder</div>"
  },
  "url" : "http://hl7.org.nz/fhir/ig/nhi/StructureDefinition/PatientModel",
  "version" : "1.4.0",
  "name" : "PatientModel",
  "title" : "Patient",
  "status" : "active",
  "date" : "2023-09-12T09:19:44+00:00",
  "publisher" : "Te Whatu Ora",
  "contact" : [{
    "name" : "Te Whatu Ora",
    "telecom" : [{
      "system" : "email",
      "value" : "mailto:integration@health.govt.nz"
    }]
  }],
  "description" : "Representing a person receiving healthcare",
  "fhirVersion" : "4.0.1",
  "mapping" : [{
    "identity" : "rim",
    "uri" : "http://hl7.org/v3",
    "name" : "RIM Mapping"
  }],
  "kind" : "logical",
  "abstract" : false,
  "type" : "http://hl7.org.nz/fhir/ig/nhi/StructureDefinition/PatientModel",
  "baseDefinition" : "http://hl7.org/fhir/StructureDefinition/Element",
  "derivation" : "specialization",
  "snapshot" : {
    "element" : [{
      "id" : "PatientModel",
      "path" : "PatientModel",
      "short" : "Patient",
      "definition" : "Representing a person receiving healthcare",
      "min" : 0,
      "max" : "*",
      "base" : {
        "path" : "Element",
        "min" : 0,
        "max" : "*"
      },
      "condition" : ["ele-1"],
      "constraint" : [{
        "key" : "ele-1",
        "severity" : "error",
        "human" : "All FHIR elements must have a @value or children",
        "expression" : "hasValue() or (children().count() > id.count())",
        "xpath" : "@value|f:*|h:div",
        "source" : "http://hl7.org/fhir/StructureDefinition/Element"
      }],
      "isModifier" : false,
      "mapping" : [{
        "identity" : "rim",
        "map" : "n/a"
      }]
    },
    {
      "id" : "PatientModel.id",
      "path" : "PatientModel.id",
      "representation" : ["xmlAttr"],
      "short" : "Unique id for inter-element referencing",
      "definition" : "Unique id for the element within a resource (for internal references). This may be any string value that does not contain spaces.",
      "min" : 0,
      "max" : "1",
      "base" : {
        "path" : "Element.id",
        "min" : 0,
        "max" : "1"
      },
      "type" : [{
        "extension" : [{
          "url" : "http://hl7.org/fhir/StructureDefinition/structuredefinition-fhir-type",
          "valueUrl" : "string"
        }],
        "code" : "http://hl7.org/fhirpath/System.String"
      }],
      "isModifier" : false,
      "isSummary" : false,
      "mapping" : [{
        "identity" : "rim",
        "map" : "n/a"
      }]
    },
    {
      "id" : "PatientModel.extension",
      "path" : "PatientModel.extension",
      "slicing" : {
        "discriminator" : [{
          "type" : "value",
          "path" : "url"
        }],
        "description" : "Extensions are always sliced by (at least) url",
        "rules" : "open"
      },
      "short" : "Additional content defined by implementations",
      "definition" : "May be used to represent additional information that is not part of the basic definition of the element. To make the use of extensions safe and manageable, there is a strict set of governance  applied to the definition and use of extensions. Though any implementer can define an extension, there is a set of requirements that SHALL be met as part of the definition of the extension.",
      "comment" : "There can be no stigma associated with the use of extensions by any application, project, or standard - regardless of the institution or jurisdiction that uses or defines the extensions.  The use of extensions is what allows the FHIR specification to retain a core level of simplicity for everyone.",
      "alias" : ["extensions",
      "user content"],
      "min" : 0,
      "max" : "*",
      "base" : {
        "path" : "Element.extension",
        "min" : 0,
        "max" : "*"
      },
      "type" : [{
        "code" : "Extension"
      }],
      "constraint" : [{
        "key" : "ele-1",
        "severity" : "error",
        "human" : "All FHIR elements must have a @value or children",
        "expression" : "hasValue() or (children().count() > id.count())",
        "xpath" : "@value|f:*|h:div",
        "source" : "http://hl7.org/fhir/StructureDefinition/Element"
      },
      {
        "key" : "ext-1",
        "severity" : "error",
        "human" : "Must have either extensions or value[x], not both",
        "expression" : "extension.exists() != value.exists()",
        "xpath" : "exists(f:extension)!=exists(f:*[starts-with(local-name(.), \"value\")])",
        "source" : "http://hl7.org/fhir/StructureDefinition/Extension"
      }],
      "isModifier" : false,
      "isSummary" : false,
      "mapping" : [{
        "identity" : "rim",
        "map" : "n/a"
      }]
    },
    {
      "id" : "PatientModel.name",
      "path" : "PatientModel.name",
      "short" : "Name of the practitioner",
      "definition" : "Name of the practitioner",
      "min" : 0,
      "max" : "1",
      "base" : {
        "path" : "PatientModel.name",
        "min" : 0,
        "max" : "1"
      },
      "type" : [{
        "code" : "HumanName"
      }],
      "constraint" : [{
        "key" : "ele-1",
        "severity" : "error",
        "human" : "All FHIR elements must have a @value or children",
        "expression" : "hasValue() or (children().count() > id.count())",
        "xpath" : "@value|f:*|h:div",
        "source" : "http://hl7.org/fhir/StructureDefinition/Element"
      }]
    },
    {
      "id" : "PatientModel.name.id",
      "path" : "PatientModel.name.id",
      "representation" : ["xmlAttr"],
      "short" : "Unique id for inter-element referencing",
      "definition" : "Unique id for the element within a resource (for internal references). This may be any string value that does not contain spaces.",
      "min" : 0,
      "max" : "1",
      "base" : {
        "path" : "Element.id",
        "min" : 0,
        "max" : "1"
      },
      "type" : [{
        "extension" : [{
          "url" : "http://hl7.org/fhir/StructureDefinition/structuredefinition-fhir-type",
          "valueUrl" : "string"
        }],
        "code" : "http://hl7.org/fhirpath/System.String"
      }],
      "isModifier" : false,
      "isSummary" : false,
      "mapping" : [{
        "identity" : "rim",
        "map" : "n/a"
      }]
    },
    {
      "id" : "PatientModel.name.extension",
      "path" : "PatientModel.name.extension",
      "slicing" : {
        "discriminator" : [{
          "type" : "value",
          "path" : "url"
        }],
        "description" : "Extensions are always sliced by (at least) url",
        "rules" : "open"
      },
      "short" : "Additional content defined by implementations",
      "definition" : "May be used to represent additional information that is not part of the basic definition of the element. To make the use of extensions safe and manageable, there is a strict set of governance  applied to the definition and use of extensions. Though any implementer can define an extension, there is a set of requirements that SHALL be met as part of the definition of the extension.",
      "comment" : "There can be no stigma associated with the use of extensions by any application, project, or standard - regardless of the institution or jurisdiction that uses or defines the extensions.  The use of extensions is what allows the FHIR specification to retain a core level of simplicity for everyone.",
      "alias" : ["extensions",
      "user content"],
      "min" : 0,
      "max" : "*",
      "base" : {
        "path" : "Element.extension",
        "min" : 0,
        "max" : "*"
      },
      "type" : [{
        "code" : "Extension"
      }],
      "constraint" : [{
        "key" : "ele-1",
        "severity" : "error",
        "human" : "All FHIR elements must have a @value or children",
        "expression" : "hasValue() or (children().count() > id.count())",
        "xpath" : "@value|f:*|h:div",
        "source" : "http://hl7.org/fhir/StructureDefinition/Element"
      },
      {
        "key" : "ext-1",
        "severity" : "error",
        "human" : "Must have either extensions or value[x], not both",
        "expression" : "extension.exists() != value.exists()",
        "xpath" : "exists(f:extension)!=exists(f:*[starts-with(local-name(.), \"value\")])",
        "source" : "http://hl7.org/fhir/StructureDefinition/Extension"
      }],
      "isModifier" : false,
      "isSummary" : false,
      "mapping" : [{
        "identity" : "rim",
        "map" : "n/a"
      }]
    },
    {
      "id" : "PatientModel.name.use",
      "path" : "PatientModel.name.use",
      "short" : "usual | official | temp | nickname | anonymous | old | maiden",
      "definition" : "Identifies the purpose for this name.",
      "comment" : "Applications can assume that a name is current unless it explicitly says that it is temporary or old.",
      "requirements" : "Allows the appropriate name for a particular context of use to be selected from among a set of names.",
      "min" : 0,
      "max" : "1",
      "base" : {
        "path" : "HumanName.use",
        "min" : 0,
        "max" : "1"
      },
      "type" : [{
        "code" : "code"
      }],
      "constraint" : [{
        "key" : "ele-1",
        "severity" : "error",
        "human" : "All FHIR elements must have a @value or children",
        "expression" : "hasValue() or (children().count() > id.count())",
        "xpath" : "@value|f:*|h:div",
        "source" : "http://hl7.org/fhir/StructureDefinition/Element"
      }],
      "isModifier" : true,
      "isModifierReason" : "This is labeled as \"Is Modifier\" because applications should not mistake a temporary or old name etc.for a current/permanent one",
      "isSummary" : true,
      "binding" : {
        "extension" : [{
          "url" : "http://hl7.org/fhir/StructureDefinition/elementdefinition-bindingName",
          "valueString" : "NameUse"
        }],
        "strength" : "required",
        "description" : "The use of a human name.",
        "valueSet" : "http://hl7.org/fhir/ValueSet/name-use|4.0.1"
      },
      "mapping" : [{
        "identity" : "v2",
        "map" : "XPN.7, but often indicated by which field contains the name"
      },
      {
        "identity" : "rim",
        "map" : "unique(./use)"
      },
      {
        "identity" : "servd",
        "map" : "./NamePurpose"
      }]
    },
    {
      "id" : "PatientModel.name.text",
      "path" : "PatientModel.name.text",
      "short" : "Text representation of the full name",
      "definition" : "Specifies the entire name as it should be displayed e.g. on an application UI. This may be provided instead of or as well as the specific parts.",
      "comment" : "Can provide both a text representation and parts. Applications updating a name SHALL ensure that when both text and parts are present,  no content is included in the text that isn't found in a part.",
      "requirements" : "A renderable, unencoded form.",
      "min" : 0,
      "max" : "1",
      "base" : {
        "path" : "HumanName.text",
        "min" : 0,
        "max" : "1"
      },
      "type" : [{
        "code" : "string"
      }],
      "constraint" : [{
        "key" : "ele-1",
        "severity" : "error",
        "human" : "All FHIR elements must have a @value or children",
        "expression" : "hasValue() or (children().count() > id.count())",
        "xpath" : "@value|f:*|h:div",
        "source" : "http://hl7.org/fhir/StructureDefinition/Element"
      }],
      "isModifier" : false,
      "isSummary" : true,
      "mapping" : [{
        "identity" : "v2",
        "map" : "implied by XPN.11"
      },
      {
        "identity" : "rim",
        "map" : "./formatted"
      }]
    },
    {
      "id" : "PatientModel.name.family",
      "path" : "PatientModel.name.family",
      "short" : "Family name (often called 'Surname')",
      "definition" : "The part of a name that links to the genealogy. In some cultures (e.g. Eritrea) the family name of a son is the first name of his father.",
      "comment" : "Family Name may be decomposed into specific parts using extensions (de, nl, es related cultures).",
      "alias" : ["surname"],
      "min" : 0,
      "max" : "1",
      "base" : {
        "path" : "HumanName.family",
        "min" : 0,
        "max" : "1"
      },
      "type" : [{
        "code" : "string"
      }],
      "constraint" : [{
        "key" : "ele-1",
        "severity" : "error",
        "human" : "All FHIR elements must have a @value or children",
        "expression" : "hasValue() or (children().count() > id.count())",
        "xpath" : "@value|f:*|h:div",
        "source" : "http://hl7.org/fhir/StructureDefinition/Element"
      }],
      "isModifier" : false,
      "isSummary" : true,
      "mapping" : [{
        "identity" : "v2",
        "map" : "XPN.1/FN.1"
      },
      {
        "identity" : "rim",
        "map" : "./part[partType = FAM]"
      },
      {
        "identity" : "servd",
        "map" : "./FamilyName"
      }]
    },
    {
      "id" : "PatientModel.name.given",
      "path" : "PatientModel.name.given",
      "short" : "Given names (not always 'first'). Includes middle names",
      "definition" : "Given name.",
      "comment" : "If only initials are recorded, they may be used in place of the full name parts. Initials may be separated into multiple given names but often aren't due to paractical limitations.  This element is not called \"first name\" since given names do not always come first.",
      "alias" : ["first name",
      "middle name"],
      "min" : 0,
      "max" : "*",
      "base" : {
        "path" : "HumanName.given",
        "min" : 0,
        "max" : "*"
      },
      "type" : [{
        "code" : "string"
      }],
      "orderMeaning" : "Given Names appear in the correct order for presenting the name",
      "constraint" : [{
        "key" : "ele-1",
        "severity" : "error",
        "human" : "All FHIR elements must have a @value or children",
        "expression" : "hasValue() or (children().count() > id.count())",
        "xpath" : "@value|f:*|h:div",
        "source" : "http://hl7.org/fhir/StructureDefinition/Element"
      }],
      "isModifier" : false,
      "isSummary" : true,
      "mapping" : [{
        "identity" : "v2",
        "map" : "XPN.2 + XPN.3"
      },
      {
        "identity" : "rim",
        "map" : "./part[partType = GIV]"
      },
      {
        "identity" : "servd",
        "map" : "./GivenNames"
      }]
    },
    {
      "id" : "PatientModel.name.prefix",
      "path" : "PatientModel.name.prefix",
      "short" : "Parts that come before the name",
      "definition" : "Part of the name that is acquired as a title due to academic, legal, employment or nobility status, etc. and that appears at the start of the name.",
      "min" : 0,
      "max" : "*",
      "base" : {
        "path" : "HumanName.prefix",
        "min" : 0,
        "max" : "*"
      },
      "type" : [{
        "code" : "string"
      }],
      "orderMeaning" : "Prefixes appear in the correct order for presenting the name",
      "constraint" : [{
        "key" : "ele-1",
        "severity" : "error",
        "human" : "All FHIR elements must have a @value or children",
        "expression" : "hasValue() or (children().count() > id.count())",
        "xpath" : "@value|f:*|h:div",
        "source" : "http://hl7.org/fhir/StructureDefinition/Element"
      }],
      "isModifier" : false,
      "isSummary" : true,
      "mapping" : [{
        "identity" : "v2",
        "map" : "XPN.5"
      },
      {
        "identity" : "rim",
        "map" : "./part[partType = PFX]"
      },
      {
        "identity" : "servd",
        "map" : "./TitleCode"
      }]
    },
    {
      "id" : "PatientModel.name.suffix",
      "path" : "PatientModel.name.suffix",
      "short" : "Parts that come after the name",
      "definition" : "Part of the name that is acquired as a title due to academic, legal, employment or nobility status, etc. and that appears at the end of the name.",
      "min" : 0,
      "max" : "*",
      "base" : {
        "path" : "HumanName.suffix",
        "min" : 0,
        "max" : "*"
      },
      "type" : [{
        "code" : "string"
      }],
      "orderMeaning" : "Suffixes appear in the correct order for presenting the name",
      "constraint" : [{
        "key" : "ele-1",
        "severity" : "error",
        "human" : "All FHIR elements must have a @value or children",
        "expression" : "hasValue() or (children().count() > id.count())",
        "xpath" : "@value|f:*|h:div",
        "source" : "http://hl7.org/fhir/StructureDefinition/Element"
      }],
      "isModifier" : false,
      "isSummary" : true,
      "mapping" : [{
        "identity" : "v2",
        "map" : "XPN/4"
      },
      {
        "identity" : "rim",
        "map" : "./part[partType = SFX]"
      }]
    },
    {
      "id" : "PatientModel.name.period",
      "path" : "PatientModel.name.period",
      "short" : "Time period when name was/is in use",
      "definition" : "Indicates the period of time when this name was valid for the named person.",
      "requirements" : "Allows names to be placed in historical context.",
      "min" : 0,
      "max" : "1",
      "base" : {
        "path" : "HumanName.period",
        "min" : 0,
        "max" : "1"
      },
      "type" : [{
        "code" : "Period"
      }],
      "constraint" : [{
        "key" : "ele-1",
        "severity" : "error",
        "human" : "All FHIR elements must have a @value or children",
        "expression" : "hasValue() or (children().count() > id.count())",
        "xpath" : "@value|f:*|h:div",
        "source" : "http://hl7.org/fhir/StructureDefinition/Element"
      }],
      "isModifier" : false,
      "isSummary" : true,
      "mapping" : [{
        "identity" : "v2",
        "map" : "XPN.13 + XPN.14"
      },
      {
        "identity" : "rim",
        "map" : "./usablePeriod[type=\"IVL<TS>\"]"
      },
      {
        "identity" : "servd",
        "map" : "./StartDate and ./EndDate"
      }]
    },
    {
      "id" : "PatientModel.name.source",
      "path" : "PatientModel.name.source",
      "short" : "The source of the name",
      "definition" : "The source of the name",
      "min" : 0,
      "max" : "1",
      "base" : {
        "path" : "PatientModel.name.source",
        "min" : 0,
        "max" : "1"
      },
      "type" : [{
        "code" : "CodeableConcept"
      }]
    },
    {
      "id" : "PatientModel.gender",
      "path" : "PatientModel.gender",
      "short" : "The patients administrative gender",
      "definition" : "The patients administrative gender",
      "min" : 0,
      "max" : "1",
      "base" : {
        "path" : "PatientModel.gender",
        "min" : 0,
        "max" : "1"
      },
      "type" : [{
        "code" : "string"
      }],
      "constraint" : [{
        "key" : "ele-1",
        "severity" : "error",
        "human" : "All FHIR elements must have a @value or children",
        "expression" : "hasValue() or (children().count() > id.count())",
        "xpath" : "@value|f:*|h:div",
        "source" : "http://hl7.org/fhir/StructureDefinition/Element"
      }],
      "binding" : {
        "strength" : "required",
        "valueSet" : "http://hl7.org/fhir/ValueSet/administrative-gender"
      }
    },
    {
      "id" : "PatientModel.gender.id",
      "path" : "PatientModel.gender.id",
      "representation" : ["xmlAttr"],
      "short" : "xml:id (or equivalent in JSON)",
      "definition" : "unique id for the element within a resource (for internal references)",
      "min" : 0,
      "max" : "1",
      "base" : {
        "path" : "Element.id",
        "min" : 0,
        "max" : "1"
      },
      "type" : [{
        "extension" : [{
          "url" : "http://hl7.org/fhir/StructureDefinition/structuredefinition-fhir-type",
          "valueUrl" : "string"
        }],
        "code" : "http://hl7.org/fhirpath/System.String"
      }],
      "isModifier" : false,
      "isSummary" : false
    },
    {
      "id" : "PatientModel.gender.extension",
      "path" : "PatientModel.gender.extension",
      "short" : "Additional content defined by implementations",
      "definition" : "May be used to represent additional information that is not part of the basic definition of the resource. To make the use of extensions safe and manageable, there is a strict set of governance  applied to the definition and use of extensions. Though any implementer can define an extension, there is a set of requirements that SHALL be met as part of the definition of the extension.",
      "comment" : "There can be no stigma associated with the use of extensions by any application, project, or standard - regardless of the institution or jurisdiction that uses or defines the extensions.  The use of extensions is what allows the FHIR specification to retain a core level of simplicity for everyone.",
      "alias" : ["extensions",
      "user content"],
      "min" : 0,
      "max" : "*",
      "base" : {
        "path" : "Element.extension",
        "min" : 0,
        "max" : "*"
      },
      "type" : [{
        "code" : "Extension"
      }],
      "constraint" : [{
        "key" : "ele-1",
        "severity" : "error",
        "human" : "All FHIR elements must have a @value or children",
        "expression" : "hasValue() or (children().count() > id.count())",
        "xpath" : "@value|f:*|h:div",
        "source" : "http://hl7.org/fhir/StructureDefinition/Element"
      },
      {
        "key" : "ext-1",
        "severity" : "error",
        "human" : "Must have either extensions or value[x], not both",
        "expression" : "extension.exists() != value.exists()",
        "xpath" : "exists(f:extension)!=exists(f:*[starts-with(local-name(.), 'value')])",
        "source" : "http://hl7.org/fhir/StructureDefinition/Extension"
      }],
      "isModifier" : false,
      "isSummary" : false
    },
    {
      "id" : "PatientModel.gender.value",
      "path" : "PatientModel.gender.value",
      "representation" : ["xmlAttr"],
      "short" : "Primitive value for string",
      "definition" : "The actual value",
      "min" : 0,
      "max" : "1",
      "base" : {
        "path" : "string.value",
        "min" : 0,
        "max" : "1"
      },
      "type" : [{
        "extension" : [{
          "url" : "http://hl7.org/fhir/StructureDefinition/structuredefinition-fhir-type",
          "valueUrl" : "string"
        },
        {
          "url" : "http://hl7.org/fhir/StructureDefinition/regex",
          "valueString" : "[ \\r\\n\\t\\S]+"
        }],
        "code" : "http://hl7.org/fhirpath/System.String"
      }],
      "maxLength" : 1048576,
      "isModifier" : false,
      "isSummary" : false
    },
    {
      "id" : "PatientModel.gender.originalText",
      "path" : "PatientModel.gender.originalText",
      "short" : "The text from which the gender was derived",
      "definition" : "The text from which the gender was derived",
      "min" : 0,
      "max" : "1",
      "base" : {
        "path" : "PatientModel.gender.originalText",
        "min" : 0,
        "max" : "1"
      },
      "type" : [{
        "code" : "string"
      }]
    },
    {
      "id" : "PatientModel.birthDate",
      "path" : "PatientModel.birthDate",
      "short" : "Date of Birth",
      "definition" : "Date of Birth",
      "min" : 0,
      "max" : "1",
      "base" : {
        "path" : "PatientModel.birthDate",
        "min" : 0,
        "max" : "1"
      },
      "type" : [{
        "code" : "date"
      }],
      "constraint" : [{
        "key" : "ele-1",
        "severity" : "error",
        "human" : "All FHIR elements must have a @value or children",
        "expression" : "hasValue() or (children().count() > id.count())",
        "xpath" : "@value|f:*|h:div",
        "source" : "http://hl7.org/fhir/StructureDefinition/Element"
      }]
    },
    {
      "id" : "PatientModel.birthDate.id",
      "path" : "PatientModel.birthDate.id",
      "representation" : ["xmlAttr"],
      "short" : "xml:id (or equivalent in JSON)",
      "definition" : "unique id for the element within a resource (for internal references)",
      "min" : 0,
      "max" : "1",
      "base" : {
        "path" : "Element.id",
        "min" : 0,
        "max" : "1"
      },
      "type" : [{
        "extension" : [{
          "url" : "http://hl7.org/fhir/StructureDefinition/structuredefinition-fhir-type",
          "valueUrl" : "string"
        }],
        "code" : "http://hl7.org/fhirpath/System.String"
      }],
      "isModifier" : false,
      "isSummary" : false
    },
    {
      "id" : "PatientModel.birthDate.extension",
      "path" : "PatientModel.birthDate.extension",
      "short" : "Additional content defined by implementations",
      "definition" : "May be used to represent additional information that is not part of the basic definition of the resource. To make the use of extensions safe and manageable, there is a strict set of governance  applied to the definition and use of extensions. Though any implementer can define an extension, there is a set of requirements that SHALL be met as part of the definition of the extension.",
      "comment" : "There can be no stigma associated with the use of extensions by any application, project, or standard - regardless of the institution or jurisdiction that uses or defines the extensions.  The use of extensions is what allows the FHIR specification to retain a core level of simplicity for everyone.",
      "alias" : ["extensions",
      "user content"],
      "min" : 0,
      "max" : "*",
      "base" : {
        "path" : "Element.extension",
        "min" : 0,
        "max" : "*"
      },
      "type" : [{
        "code" : "Extension"
      }],
      "constraint" : [{
        "key" : "ele-1",
        "severity" : "error",
        "human" : "All FHIR elements must have a @value or children",
        "expression" : "hasValue() or (children().count() > id.count())",
        "xpath" : "@value|f:*|h:div",
        "source" : "http://hl7.org/fhir/StructureDefinition/Element"
      },
      {
        "key" : "ext-1",
        "severity" : "error",
        "human" : "Must have either extensions or value[x], not both",
        "expression" : "extension.exists() != value.exists()",
        "xpath" : "exists(f:extension)!=exists(f:*[starts-with(local-name(.), 'value')])",
        "source" : "http://hl7.org/fhir/StructureDefinition/Extension"
      }],
      "isModifier" : false,
      "isSummary" : false
    },
    {
      "id" : "PatientModel.birthDate.value",
      "path" : "PatientModel.birthDate.value",
      "representation" : ["xmlAttr"],
      "short" : "Primitive value for date",
      "definition" : "The actual value",
      "min" : 0,
      "max" : "1",
      "base" : {
        "path" : "date.value",
        "min" : 0,
        "max" : "1"
      },
      "type" : [{
        "extension" : [{
          "url" : "http://hl7.org/fhir/StructureDefinition/structuredefinition-fhir-type",
          "valueUrl" : "date"
        },
        {
          "url" : "http://hl7.org/fhir/StructureDefinition/regex",
          "valueString" : "([0-9]([0-9]([0-9][1-9]|[1-9]0)|[1-9]00)|[1-9]000)(-(0[1-9]|1[0-2])(-(0[1-9]|[1-2][0-9]|3[0-1]))?)?"
        }],
        "code" : "http://hl7.org/fhirpath/System.Date"
      }],
      "isModifier" : false,
      "isSummary" : false
    },
    {
      "id" : "PatientModel.birthDate.source",
      "path" : "PatientModel.birthDate.source",
      "short" : "The source of the Date of Birth",
      "definition" : "The source of the Date of Birth",
      "min" : 0,
      "max" : "1",
      "base" : {
        "path" : "PatientModel.birthDate.source",
        "min" : 0,
        "max" : "1"
      },
      "type" : [{
        "code" : "CodeableConcept"
      }]
    },
    {
      "id" : "PatientModel.deathDate",
      "path" : "PatientModel.deathDate",
      "short" : "Date of Death",
      "definition" : "Date of Death",
      "min" : 0,
      "max" : "1",
      "base" : {
        "path" : "PatientModel.deathDate",
        "min" : 0,
        "max" : "1"
      },
      "type" : [{
        "code" : "date"
      }],
      "constraint" : [{
        "key" : "ele-1",
        "severity" : "error",
        "human" : "All FHIR elements must have a @value or children",
        "expression" : "hasValue() or (children().count() > id.count())",
        "xpath" : "@value|f:*|h:div",
        "source" : "http://hl7.org/fhir/StructureDefinition/Element"
      }]
    },
    {
      "id" : "PatientModel.deathDate.id",
      "path" : "PatientModel.deathDate.id",
      "representation" : ["xmlAttr"],
      "short" : "xml:id (or equivalent in JSON)",
      "definition" : "unique id for the element within a resource (for internal references)",
      "min" : 0,
      "max" : "1",
      "base" : {
        "path" : "Element.id",
        "min" : 0,
        "max" : "1"
      },
      "type" : [{
        "extension" : [{
          "url" : "http://hl7.org/fhir/StructureDefinition/structuredefinition-fhir-type",
          "valueUrl" : "string"
        }],
        "code" : "http://hl7.org/fhirpath/System.String"
      }],
      "isModifier" : false,
      "isSummary" : false
    },
    {
      "id" : "PatientModel.deathDate.extension",
      "path" : "PatientModel.deathDate.extension",
      "short" : "Additional content defined by implementations",
      "definition" : "May be used to represent additional information that is not part of the basic definition of the resource. To make the use of extensions safe and manageable, there is a strict set of governance  applied to the definition and use of extensions. Though any implementer can define an extension, there is a set of requirements that SHALL be met as part of the definition of the extension.",
      "comment" : "There can be no stigma associated with the use of extensions by any application, project, or standard - regardless of the institution or jurisdiction that uses or defines the extensions.  The use of extensions is what allows the FHIR specification to retain a core level of simplicity for everyone.",
      "alias" : ["extensions",
      "user content"],
      "min" : 0,
      "max" : "*",
      "base" : {
        "path" : "Element.extension",
        "min" : 0,
        "max" : "*"
      },
      "type" : [{
        "code" : "Extension"
      }],
      "constraint" : [{
        "key" : "ele-1",
        "severity" : "error",
        "human" : "All FHIR elements must have a @value or children",
        "expression" : "hasValue() or (children().count() > id.count())",
        "xpath" : "@value|f:*|h:div",
        "source" : "http://hl7.org/fhir/StructureDefinition/Element"
      },
      {
        "key" : "ext-1",
        "severity" : "error",
        "human" : "Must have either extensions or value[x], not both",
        "expression" : "extension.exists() != value.exists()",
        "xpath" : "exists(f:extension)!=exists(f:*[starts-with(local-name(.), 'value')])",
        "source" : "http://hl7.org/fhir/StructureDefinition/Extension"
      }],
      "isModifier" : false,
      "isSummary" : false
    },
    {
      "id" : "PatientModel.deathDate.value",
      "path" : "PatientModel.deathDate.value",
      "representation" : ["xmlAttr"],
      "short" : "Primitive value for date",
      "definition" : "The actual value",
      "min" : 0,
      "max" : "1",
      "base" : {
        "path" : "date.value",
        "min" : 0,
        "max" : "1"
      },
      "type" : [{
        "extension" : [{
          "url" : "http://hl7.org/fhir/StructureDefinition/structuredefinition-fhir-type",
          "valueUrl" : "date"
        },
        {
          "url" : "http://hl7.org/fhir/StructureDefinition/regex",
          "valueString" : "([0-9]([0-9]([0-9][1-9]|[1-9]0)|[1-9]00)|[1-9]000)(-(0[1-9]|1[0-2])(-(0[1-9]|[1-2][0-9]|3[0-1]))?)?"
        }],
        "code" : "http://hl7.org/fhirpath/System.Date"
      }],
      "isModifier" : false,
      "isSummary" : false
    },
    {
      "id" : "PatientModel.deathDate.source",
      "path" : "PatientModel.deathDate.source",
      "short" : "The source of the Date of Death",
      "definition" : "The source of the Date of Death",
      "min" : 0,
      "max" : "1",
      "base" : {
        "path" : "PatientModel.deathDate.source",
        "min" : 0,
        "max" : "1"
      },
      "type" : [{
        "code" : "CodeableConcept"
      }]
    },
    {
      "id" : "PatientModel.ethnicity",
      "path" : "PatientModel.ethnicity",
      "short" : "Ethnicity of the provider",
      "definition" : "Ethnicity of the provider",
      "min" : 0,
      "max" : "6",
      "base" : {
        "path" : "PatientModel.ethnicity",
        "min" : 0,
        "max" : "6"
      },
      "type" : [{
        "code" : "CodeableConcept"
      }],
      "binding" : {
        "strength" : "required",
        "valueSet" : "https://nzhts.digital.health.nz/fhir/ValueSet/ethnic-group-level-4-code"
      }
    },
    {
      "id" : "PatientModel.nhi",
      "path" : "PatientModel.nhi",
      "short" : "National Health Identifier",
      "definition" : "National Health Identifier",
      "min" : 1,
      "max" : "1",
      "base" : {
        "path" : "PatientModel.nhi",
        "min" : 1,
        "max" : "1"
      },
      "type" : [{
        "code" : "Identifier"
      }]
    },
    {
      "id" : "PatientModel.citizenship",
      "path" : "PatientModel.citizenship",
      "short" : "NZ Citizenship status",
      "definition" : "NZ Citizenship status",
      "min" : 0,
      "max" : "1",
      "base" : {
        "path" : "PatientModel.citizenship",
        "min" : 0,
        "max" : "1"
      },
      "type" : [{
        "code" : "string"
      }],
      "constraint" : [{
        "key" : "ele-1",
        "severity" : "error",
        "human" : "All FHIR elements must have a @value or children",
        "expression" : "hasValue() or (children().count() > id.count())",
        "xpath" : "@value|f:*|h:div",
        "source" : "http://hl7.org/fhir/StructureDefinition/Element"
      }]
    },
    {
      "id" : "PatientModel.citizenship.id",
      "path" : "PatientModel.citizenship.id",
      "representation" : ["xmlAttr"],
      "short" : "xml:id (or equivalent in JSON)",
      "definition" : "unique id for the element within a resource (for internal references)",
      "min" : 0,
      "max" : "1",
      "base" : {
        "path" : "Element.id",
        "min" : 0,
        "max" : "1"
      },
      "type" : [{
        "extension" : [{
          "url" : "http://hl7.org/fhir/StructureDefinition/structuredefinition-fhir-type",
          "valueUrl" : "string"
        }],
        "code" : "http://hl7.org/fhirpath/System.String"
      }],
      "isModifier" : false,
      "isSummary" : false
    },
    {
      "id" : "PatientModel.citizenship.extension",
      "path" : "PatientModel.citizenship.extension",
      "short" : "Additional content defined by implementations",
      "definition" : "May be used to represent additional information that is not part of the basic definition of the resource. To make the use of extensions safe and manageable, there is a strict set of governance  applied to the definition and use of extensions. Though any implementer can define an extension, there is a set of requirements that SHALL be met as part of the definition of the extension.",
      "comment" : "There can be no stigma associated with the use of extensions by any application, project, or standard - regardless of the institution or jurisdiction that uses or defines the extensions.  The use of extensions is what allows the FHIR specification to retain a core level of simplicity for everyone.",
      "alias" : ["extensions",
      "user content"],
      "min" : 0,
      "max" : "*",
      "base" : {
        "path" : "Element.extension",
        "min" : 0,
        "max" : "*"
      },
      "type" : [{
        "code" : "Extension"
      }],
      "constraint" : [{
        "key" : "ele-1",
        "severity" : "error",
        "human" : "All FHIR elements must have a @value or children",
        "expression" : "hasValue() or (children().count() > id.count())",
        "xpath" : "@value|f:*|h:div",
        "source" : "http://hl7.org/fhir/StructureDefinition/Element"
      },
      {
        "key" : "ext-1",
        "severity" : "error",
        "human" : "Must have either extensions or value[x], not both",
        "expression" : "extension.exists() != value.exists()",
        "xpath" : "exists(f:extension)!=exists(f:*[starts-with(local-name(.), 'value')])",
        "source" : "http://hl7.org/fhir/StructureDefinition/Extension"
      }],
      "isModifier" : false,
      "isSummary" : false
    },
    {
      "id" : "PatientModel.citizenship.value",
      "path" : "PatientModel.citizenship.value",
      "representation" : ["xmlAttr"],
      "short" : "Primitive value for string",
      "definition" : "The actual value",
      "min" : 0,
      "max" : "1",
      "base" : {
        "path" : "string.value",
        "min" : 0,
        "max" : "1"
      },
      "type" : [{
        "extension" : [{
          "url" : "http://hl7.org/fhir/StructureDefinition/structuredefinition-fhir-type",
          "valueUrl" : "string"
        },
        {
          "url" : "http://hl7.org/fhir/StructureDefinition/regex",
          "valueString" : "[ \\r\\n\\t\\S]+"
        }],
        "code" : "http://hl7.org/fhirpath/System.String"
      }],
      "maxLength" : 1048576,
      "isModifier" : false,
      "isSummary" : false
    },
    {
      "id" : "PatientModel.citizenship.source",
      "path" : "PatientModel.citizenship.source",
      "short" : "The source of the citizenship status",
      "definition" : "The source of the citizenship status",
      "min" : 0,
      "max" : "1",
      "base" : {
        "path" : "PatientModel.citizenship.source",
        "min" : 0,
        "max" : "1"
      },
      "type" : [{
        "code" : "CodeableConcept"
      }]
    },
    {
      "id" : "PatientModel.birthPlace",
      "path" : "PatientModel.birthPlace",
      "short" : "Place of Birth",
      "definition" : "Place of Birth",
      "min" : 0,
      "max" : "1",
      "base" : {
        "path" : "PatientModel.birthPlace",
        "min" : 0,
        "max" : "1"
      },
      "type" : [{
        "code" : "BackboneElement"
      }],
      "constraint" : [{
        "key" : "ele-1",
        "severity" : "error",
        "human" : "All FHIR elements must have a @value or children",
        "expression" : "hasValue() or (children().count() > id.count())",
        "xpath" : "@value|f:*|h:div",
        "source" : "http://hl7.org/fhir/StructureDefinition/Element"
      }]
    },
    {
      "id" : "PatientModel.birthPlace.id",
      "path" : "PatientModel.birthPlace.id",
      "representation" : ["xmlAttr"],
      "short" : "Unique id for inter-element referencing",
      "definition" : "Unique id for the element within a resource (for internal references). This may be any string value that does not contain spaces.",
      "min" : 0,
      "max" : "1",
      "base" : {
        "path" : "Element.id",
        "min" : 0,
        "max" : "1"
      },
      "type" : [{
        "extension" : [{
          "url" : "http://hl7.org/fhir/StructureDefinition/structuredefinition-fhir-type",
          "valueUrl" : "string"
        }],
        "code" : "http://hl7.org/fhirpath/System.String"
      }],
      "isModifier" : false,
      "isSummary" : false,
      "mapping" : [{
        "identity" : "rim",
        "map" : "n/a"
      }]
    },
    {
      "id" : "PatientModel.birthPlace.extension",
      "path" : "PatientModel.birthPlace.extension",
      "slicing" : {
        "discriminator" : [{
          "type" : "value",
          "path" : "url"
        }],
        "description" : "Extensions are always sliced by (at least) url",
        "rules" : "open"
      },
      "short" : "Additional content defined by implementations",
      "definition" : "May be used to represent additional information that is not part of the basic definition of the element. To make the use of extensions safe and manageable, there is a strict set of governance  applied to the definition and use of extensions. Though any implementer can define an extension, there is a set of requirements that SHALL be met as part of the definition of the extension.",
      "comment" : "There can be no stigma associated with the use of extensions by any application, project, or standard - regardless of the institution or jurisdiction that uses or defines the extensions.  The use of extensions is what allows the FHIR specification to retain a core level of simplicity for everyone.",
      "alias" : ["extensions",
      "user content"],
      "min" : 0,
      "max" : "*",
      "base" : {
        "path" : "Element.extension",
        "min" : 0,
        "max" : "*"
      },
      "type" : [{
        "code" : "Extension"
      }],
      "constraint" : [{
        "key" : "ele-1",
        "severity" : "error",
        "human" : "All FHIR elements must have a @value or children",
        "expression" : "hasValue() or (children().count() > id.count())",
        "xpath" : "@value|f:*|h:div",
        "source" : "http://hl7.org/fhir/StructureDefinition/Element"
      },
      {
        "key" : "ext-1",
        "severity" : "error",
        "human" : "Must have either extensions or value[x], not both",
        "expression" : "extension.exists() != value.exists()",
        "xpath" : "exists(f:extension)!=exists(f:*[starts-with(local-name(.), \"value\")])",
        "source" : "http://hl7.org/fhir/StructureDefinition/Extension"
      }],
      "isModifier" : false,
      "isSummary" : false,
      "mapping" : [{
        "identity" : "rim",
        "map" : "n/a"
      }]
    },
    {
      "id" : "PatientModel.birthPlace.modifierExtension",
      "path" : "PatientModel.birthPlace.modifierExtension",
      "short" : "Extensions that cannot be ignored even if unrecognized",
      "definition" : "May be used to represent additional information that is not part of the basic definition of the element and that modifies the understanding of the element in which it is contained and/or the understanding of the containing element's descendants. Usually modifier elements provide negation or qualification. To make the use of extensions safe and manageable, there is a strict set of governance applied to the definition and use of extensions. Though any implementer can define an extension, there is a set of requirements that SHALL be met as part of the definition of the extension. Applications processing a resource are required to check for modifier extensions.\n\nModifier extensions SHALL NOT change the meaning of any elements on Resource or DomainResource (including cannot change the meaning of modifierExtension itself).",
      "comment" : "There can be no stigma associated with the use of extensions by any application, project, or standard - regardless of the institution or jurisdiction that uses or defines the extensions.  The use of extensions is what allows the FHIR specification to retain a core level of simplicity for everyone.",
      "requirements" : "Modifier extensions allow for extensions that *cannot* be safely ignored to be clearly distinguished from the vast majority of extensions which can be safely ignored.  This promotes interoperability by eliminating the need for implementers to prohibit the presence of extensions. For further information, see the [definition of modifier extensions](http://hl7.org/fhir/R4/extensibility.html#modifierExtension).",
      "alias" : ["extensions",
      "user content",
      "modifiers"],
      "min" : 0,
      "max" : "*",
      "base" : {
        "path" : "BackboneElement.modifierExtension",
        "min" : 0,
        "max" : "*"
      },
      "type" : [{
        "code" : "Extension"
      }],
      "constraint" : [{
        "key" : "ele-1",
        "severity" : "error",
        "human" : "All FHIR elements must have a @value or children",
        "expression" : "hasValue() or (children().count() > id.count())",
        "xpath" : "@value|f:*|h:div",
        "source" : "http://hl7.org/fhir/StructureDefinition/Element"
      },
      {
        "key" : "ext-1",
        "severity" : "error",
        "human" : "Must have either extensions or value[x], not both",
        "expression" : "extension.exists() != value.exists()",
        "xpath" : "exists(f:extension)!=exists(f:*[starts-with(local-name(.), \"value\")])",
        "source" : "http://hl7.org/fhir/StructureDefinition/Extension"
      }],
      "isModifier" : true,
      "isModifierReason" : "Modifier extensions are expected to modify the meaning or interpretation of the element that contains them",
      "isSummary" : true,
      "mapping" : [{
        "identity" : "rim",
        "map" : "N/A"
      }]
    },
    {
      "id" : "PatientModel.birthPlace.country",
      "path" : "PatientModel.birthPlace.country",
      "short" : "Country of Birth",
      "definition" : "Country of Birth",
      "min" : 0,
      "max" : "1",
      "base" : {
        "path" : "PatientModel.birthPlace.country",
        "min" : 0,
        "max" : "1"
      },
      "type" : [{
        "code" : "string"
      }]
    },
    {
      "id" : "PatientModel.birthPlace.place",
      "path" : "PatientModel.birthPlace.place",
      "short" : "Area within country",
      "definition" : "Area within country",
      "min" : 0,
      "max" : "1",
      "base" : {
        "path" : "PatientModel.birthPlace.place",
        "min" : 0,
        "max" : "1"
      },
      "type" : [{
        "code" : "string"
      }]
    },
    {
      "id" : "PatientModel.birthPlace.source",
      "path" : "PatientModel.birthPlace.source",
      "short" : "The source of the Birth Place",
      "definition" : "The source of the Birth Place",
      "min" : 0,
      "max" : "1",
      "base" : {
        "path" : "PatientModel.birthPlace.source",
        "min" : 0,
        "max" : "1"
      },
      "type" : [{
        "code" : "CodeableConcept"
      }]
    },
    {
      "id" : "PatientModel.residency",
      "path" : "PatientModel.residency",
      "short" : "residency status",
      "definition" : "residency status",
      "min" : 0,
      "max" : "1",
      "base" : {
        "path" : "PatientModel.residency",
        "min" : 0,
        "max" : "1"
      },
      "type" : [{
        "code" : "CodeableConcept"
      }],
      "constraint" : [{
        "key" : "ele-1",
        "severity" : "error",
        "human" : "All FHIR elements must have a @value or children",
        "expression" : "hasValue() or (children().count() > id.count())",
        "xpath" : "@value|f:*|h:div",
        "source" : "http://hl7.org/fhir/StructureDefinition/Element"
      }]
    },
    {
      "id" : "PatientModel.residency.id",
      "path" : "PatientModel.residency.id",
      "representation" : ["xmlAttr"],
      "short" : "Unique id for inter-element referencing",
      "definition" : "Unique id for the element within a resource (for internal references). This may be any string value that does not contain spaces.",
      "min" : 0,
      "max" : "1",
      "base" : {
        "path" : "Element.id",
        "min" : 0,
        "max" : "1"
      },
      "type" : [{
        "extension" : [{
          "url" : "http://hl7.org/fhir/StructureDefinition/structuredefinition-fhir-type",
          "valueUrl" : "string"
        }],
        "code" : "http://hl7.org/fhirpath/System.String"
      }],
      "isModifier" : false,
      "isSummary" : false,
      "mapping" : [{
        "identity" : "rim",
        "map" : "n/a"
      }]
    },
    {
      "id" : "PatientModel.residency.extension",
      "path" : "PatientModel.residency.extension",
      "slicing" : {
        "discriminator" : [{
          "type" : "value",
          "path" : "url"
        }],
        "description" : "Extensions are always sliced by (at least) url",
        "rules" : "open"
      },
      "short" : "Additional content defined by implementations",
      "definition" : "May be used to represent additional information that is not part of the basic definition of the element. To make the use of extensions safe and manageable, there is a strict set of governance  applied to the definition and use of extensions. Though any implementer can define an extension, there is a set of requirements that SHALL be met as part of the definition of the extension.",
      "comment" : "There can be no stigma associated with the use of extensions by any application, project, or standard - regardless of the institution or jurisdiction that uses or defines the extensions.  The use of extensions is what allows the FHIR specification to retain a core level of simplicity for everyone.",
      "alias" : ["extensions",
      "user content"],
      "min" : 0,
      "max" : "*",
      "base" : {
        "path" : "Element.extension",
        "min" : 0,
        "max" : "*"
      },
      "type" : [{
        "code" : "Extension"
      }],
      "constraint" : [{
        "key" : "ele-1",
        "severity" : "error",
        "human" : "All FHIR elements must have a @value or children",
        "expression" : "hasValue() or (children().count() > id.count())",
        "xpath" : "@value|f:*|h:div",
        "source" : "http://hl7.org/fhir/StructureDefinition/Element"
      },
      {
        "key" : "ext-1",
        "severity" : "error",
        "human" : "Must have either extensions or value[x], not both",
        "expression" : "extension.exists() != value.exists()",
        "xpath" : "exists(f:extension)!=exists(f:*[starts-with(local-name(.), \"value\")])",
        "source" : "http://hl7.org/fhir/StructureDefinition/Extension"
      }],
      "isModifier" : false,
      "isSummary" : false,
      "mapping" : [{
        "identity" : "rim",
        "map" : "n/a"
      }]
    },
    {
      "id" : "PatientModel.residency.coding",
      "path" : "PatientModel.residency.coding",
      "short" : "Code defined by a terminology system",
      "definition" : "A reference to a code defined by a terminology system.",
      "comment" : "Codes may be defined very casually in enumerations, or code lists, up to very formal definitions such as SNOMED CT - see the HL7 v3 Core Principles for more information.  Ordering of codings is undefined and SHALL NOT be used to infer meaning. Generally, at most only one of the coding values will be labeled as UserSelected = true.",
      "requirements" : "Allows for alternative encodings within a code system, and translations to other code systems.",
      "min" : 0,
      "max" : "*",
      "base" : {
        "path" : "CodeableConcept.coding",
        "min" : 0,
        "max" : "*"
      },
      "type" : [{
        "code" : "Coding"
      }],
      "constraint" : [{
        "key" : "ele-1",
        "severity" : "error",
        "human" : "All FHIR elements must have a @value or children",
        "expression" : "hasValue() or (children().count() > id.count())",
        "xpath" : "@value|f:*|h:div",
        "source" : "http://hl7.org/fhir/StructureDefinition/Element"
      }],
      "isModifier" : false,
      "isSummary" : true,
      "mapping" : [{
        "identity" : "v2",
        "map" : "C*E.1-8, C*E.10-22"
      },
      {
        "identity" : "rim",
        "map" : "union(., ./translation)"
      },
      {
        "identity" : "orim",
        "map" : "fhir:CodeableConcept.coding rdfs:subPropertyOf dt:CD.coding"
      }]
    },
    {
      "id" : "PatientModel.residency.text",
      "extension" : [{
        "url" : "http://hl7.org/fhir/StructureDefinition/elementdefinition-translatable",
        "valueBoolean" : true
      }],
      "path" : "PatientModel.residency.text",
      "short" : "Plain text representation of the concept",
      "definition" : "A human language representation of the concept as seen/selected/uttered by the user who entered the data and/or which represents the intended meaning of the user.",
      "comment" : "Very often the text is the same as a displayName of one of the codings.",
      "requirements" : "The codes from the terminologies do not always capture the correct meaning with all the nuances of the human using them, or sometimes there is no appropriate code at all. In these cases, the text is used to capture the full meaning of the source.",
      "min" : 0,
      "max" : "1",
      "base" : {
        "path" : "CodeableConcept.text",
        "min" : 0,
        "max" : "1"
      },
      "type" : [{
        "code" : "string"
      }],
      "constraint" : [{
        "key" : "ele-1",
        "severity" : "error",
        "human" : "All FHIR elements must have a @value or children",
        "expression" : "hasValue() or (children().count() > id.count())",
        "xpath" : "@value|f:*|h:div",
        "source" : "http://hl7.org/fhir/StructureDefinition/Element"
      }],
      "isModifier" : false,
      "isSummary" : true,
      "mapping" : [{
        "identity" : "v2",
        "map" : "C*E.9. But note many systems use C*E.2 for this"
      },
      {
        "identity" : "rim",
        "map" : "./originalText[mediaType/code=\"text/plain\"]/data"
      },
      {
        "identity" : "orim",
        "map" : "fhir:CodeableConcept.text rdfs:subPropertyOf dt:CD.originalText"
      }]
    },
    {
      "id" : "PatientModel.residency.source",
      "path" : "PatientModel.residency.source",
      "short" : "The source of the residency status",
      "definition" : "The source of the residency status",
      "min" : 0,
      "max" : "1",
      "base" : {
        "path" : "PatientModel.residency.source",
        "min" : 0,
        "max" : "1"
      },
      "type" : [{
        "code" : "CodeableConcept"
      }]
    }]
  },
  "differential" : {
    "element" : [{
      "id" : "PatientModel",
      "path" : "PatientModel",
      "short" : "Patient",
      "definition" : "Representing a person receiving healthcare"
    },
    {
      "id" : "PatientModel.name",
      "path" : "PatientModel.name",
      "short" : "Name of the practitioner",
      "definition" : "Name of the practitioner",
      "min" : 0,
      "max" : "1",
      "type" : [{
        "code" : "HumanName"
      }]
    },
    {
      "id" : "PatientModel.name.source",
      "path" : "PatientModel.name.source",
      "short" : "The source of the name",
      "definition" : "The source of the name",
      "min" : 0,
      "max" : "1",
      "type" : [{
        "code" : "CodeableConcept"
      }]
    },
    {
      "id" : "PatientModel.gender",
      "path" : "PatientModel.gender",
      "short" : "The patients administrative gender",
      "definition" : "The patients administrative gender",
      "min" : 0,
      "max" : "1",
      "type" : [{
        "code" : "string"
      }],
      "binding" : {
        "strength" : "required",
        "valueSet" : "http://hl7.org/fhir/ValueSet/administrative-gender"
      }
    },
    {
      "id" : "PatientModel.gender.originalText",
      "path" : "PatientModel.gender.originalText",
      "short" : "The text from which the gender was derived",
      "definition" : "The text from which the gender was derived",
      "min" : 0,
      "max" : "1",
      "type" : [{
        "code" : "string"
      }]
    },
    {
      "id" : "PatientModel.birthDate",
      "path" : "PatientModel.birthDate",
      "short" : "Date of Birth",
      "definition" : "Date of Birth",
      "min" : 0,
      "max" : "1",
      "type" : [{
        "code" : "date"
      }]
    },
    {
      "id" : "PatientModel.birthDate.source",
      "path" : "PatientModel.birthDate.source",
      "short" : "The source of the Date of Birth",
      "definition" : "The source of the Date of Birth",
      "min" : 0,
      "max" : "1",
      "type" : [{
        "code" : "CodeableConcept"
      }]
    },
    {
      "id" : "PatientModel.deathDate",
      "path" : "PatientModel.deathDate",
      "short" : "Date of Death",
      "definition" : "Date of Death",
      "min" : 0,
      "max" : "1",
      "type" : [{
        "code" : "date"
      }]
    },
    {
      "id" : "PatientModel.deathDate.source",
      "path" : "PatientModel.deathDate.source",
      "short" : "The source of the Date of Death",
      "definition" : "The source of the Date of Death",
      "min" : 0,
      "max" : "1",
      "type" : [{
        "code" : "CodeableConcept"
      }]
    },
    {
      "id" : "PatientModel.ethnicity",
      "path" : "PatientModel.ethnicity",
      "short" : "Ethnicity of the provider",
      "definition" : "Ethnicity of the provider",
      "min" : 0,
      "max" : "6",
      "type" : [{
        "code" : "CodeableConcept"
      }],
      "binding" : {
        "strength" : "required",
        "valueSet" : "https://nzhts.digital.health.nz/fhir/ValueSet/ethnic-group-level-4-code"
      }
    },
    {
      "id" : "PatientModel.nhi",
      "path" : "PatientModel.nhi",
      "short" : "National Health Identifier",
      "definition" : "National Health Identifier",
      "min" : 1,
      "max" : "1",
      "type" : [{
        "code" : "Identifier"
      }]
    },
    {
      "id" : "PatientModel.citizenship",
      "path" : "PatientModel.citizenship",
      "short" : "NZ Citizenship status",
      "definition" : "NZ Citizenship status",
      "min" : 0,
      "max" : "1",
      "type" : [{
        "code" : "string"
      }]
    },
    {
      "id" : "PatientModel.citizenship.source",
      "path" : "PatientModel.citizenship.source",
      "short" : "The source of the citizenship status",
      "definition" : "The source of the citizenship status",
      "min" : 0,
      "max" : "1",
      "type" : [{
        "code" : "CodeableConcept"
      }]
    },
    {
      "id" : "PatientModel.birthPlace",
      "path" : "PatientModel.birthPlace",
      "short" : "Place of Birth",
      "definition" : "Place of Birth",
      "min" : 0,
      "max" : "1",
      "type" : [{
        "code" : "BackboneElement"
      }]
    },
    {
      "id" : "PatientModel.birthPlace.country",
      "path" : "PatientModel.birthPlace.country",
      "short" : "Country of Birth",
      "definition" : "Country of Birth",
      "min" : 0,
      "max" : "1",
      "type" : [{
        "code" : "string"
      }]
    },
    {
      "id" : "PatientModel.birthPlace.place",
      "path" : "PatientModel.birthPlace.place",
      "short" : "Area within country",
      "definition" : "Area within country",
      "min" : 0,
      "max" : "1",
      "type" : [{
        "code" : "string"
      }]
    },
    {
      "id" : "PatientModel.birthPlace.source",
      "path" : "PatientModel.birthPlace.source",
      "short" : "The source of the Birth Place",
      "definition" : "The source of the Birth Place",
      "min" : 0,
      "max" : "1",
      "type" : [{
        "code" : "CodeableConcept"
      }]
    },
    {
      "id" : "PatientModel.residency",
      "path" : "PatientModel.residency",
      "short" : "residency status",
      "definition" : "residency status",
      "min" : 0,
      "max" : "1",
      "type" : [{
        "code" : "CodeableConcept"
      }]
    },
    {
      "id" : "PatientModel.residency.source",
      "path" : "PatientModel.residency.source",
      "short" : "The source of the residency status",
      "definition" : "The source of the residency status",
      "min" : 0,
      "max" : "1",
      "type" : [{
        "code" : "CodeableConcept"
      }]
    }]
  }
}