{
  "package": "hl7.org.nz.fhir.ig.nhi",
  "version": "1.0.1",
  "fhirVersion": "4.0.1",
  "extensions": [
    {
      "url": "http://hl7.org.nz/fhir/StructureDefinition/birth-place",
      "title": "BirthPlace",
      "types": [
        "CodeableConcept",
        "CodeableConcept",
        "string",
        "CodeableConcept",
        "CodeableConcept",
        "base64Binary",
        "boolean",
        "canonical",
        "code",
        "date",
        "dateTime",
        "decimal",
        "id",
        "instant",
        "integer",
        "markdown",
        "oid",
        "positiveInt",
        "string",
        "time",
        "unsignedInt",
        "uri",
        "url",
        "uuid",
        "Address",
        "Age",
        "Annotation",
        "Attachment",
        "CodeableConcept",
        "Coding",
        "ContactPoint",
        "Count",
        "Distance",
        "Duration",
        "HumanName",
        "Identifier",
        "Money",
        "Period",
        "Quantity",
        "Range",
        "Ratio",
        "Reference",
        "SampledData",
        "Signature",
        "Timing",
        "ContactDetail",
        "Contributor",
        "DataRequirement",
        "Expression",
        "ParameterDefinition",
        "RelatedArtifact",
        "TriggerDefinition",
        "UsageContext",
        "Dosage",
        "Meta"
      ]
    },
    {
      "url": "http://hl7.org.nz/fhir/StructureDefinition/gender-original-text",
      "title": "OriginalText",
      "types": [
        "string"
      ]
    },
    {
      "url": "http://hl7.org.nz/fhir/StructureDefinition/is-primary-address",
      "title": "IsPrimaryAddress",
      "types": [
        "boolean"
      ]
    },
    {
      "url": "http://hl7.org.nz/fhir/StructureDefinition/name-use-extra",
      "title": "NameUseExtra",
      "types": [
        "CodeableConcept",
        "CodeableConcept"
      ]
    },
    {
      "url": "http://hl7.org.nz/fhir/StructureDefinition/nhi-address-derived",
      "title": "NhiAddressDerived",
      "types": [
        "decimal",
        "decimal",
        "decimal",
        "decimal",
        "base64Binary",
        "boolean",
        "canonical",
        "code",
        "date",
        "dateTime",
        "decimal",
        "id",
        "instant",
        "integer",
        "markdown",
        "oid",
        "positiveInt",
        "string",
        "time",
        "unsignedInt",
        "uri",
        "url",
        "uuid",
        "Address",
        "Age",
        "Annotation",
        "Attachment",
        "CodeableConcept",
        "Coding",
        "ContactPoint",
        "Count",
        "Distance",
        "Duration",
        "HumanName",
        "Identifier",
        "Money",
        "Period",
        "Quantity",
        "Range",
        "Ratio",
        "Reference",
        "SampledData",
        "Signature",
        "Timing",
        "ContactDetail",
        "Contributor",
        "DataRequirement",
        "Expression",
        "ParameterDefinition",
        "RelatedArtifact",
        "TriggerDefinition",
        "UsageContext",
        "Dosage",
        "Meta"
      ]
    },
    {
      "url": "http://hl7.org.nz/fhir/StructureDefinition/not-validated-address-reason",
      "title": "NotValidatedAddressReason",
      "types": [
        "CodeableConcept",
        "CodeableConcept"
      ]
    },
    {
      "url": "http://hl7.org.nz/fhir/StructureDefinition/nz-address-id",
      "title": "NzAddressId",
      "types": [
        "string"
      ]
    }
  ],
  "profiles": {
    "Patient": [
      {
        "url": "http://hl7.org.nz/fhir/StructureDefinition/NhiPatient",
        "title": "NHI Patient"
      }
    ]
  },
  "usage": {
    "http://hl7.org.nz/fhir/StructureDefinition/birth-place": [
      "Parameters.parameter",
      "Patient"
    ],
    "http://hl7.org.nz/fhir/StructureDefinition/building-name": [
      "Address",
      "Patient.address"
    ],
    "http://hl7.org.nz/fhir/StructureDefinition/dhb": [
      "Patient"
    ],
    "http://hl7.org.nz/fhir/StructureDefinition/domicile-code": [
      "Address",
      "Patient",
      "Patient.address"
    ],
    "http://hl7.org.nz/fhir/StructureDefinition/gender-original-text": [
      "Patient.gender"
    ],
    "http://hl7.org.nz/fhir/StructureDefinition/information-source": [
      "Patient.birthDate",
      "Patient.deceased[x]",
      "Patient.name"
    ],
    "http://hl7.org.nz/fhir/StructureDefinition/is-primary-address": [
      "Address",
      "Patient.address"
    ],
    "http://hl7.org.nz/fhir/StructureDefinition/name-use-extra": [
      "Patient.name"
    ],
    "http://hl7.org.nz/fhir/StructureDefinition/not-validated-address-reason": [
      "Address",
      "Patient.address"
    ],
    "http://hl7.org.nz/fhir/StructureDefinition/nz-address-id": [
      "Address",
      "Patient.address"
    ],
    "http://hl7.org.nz/fhir/StructureDefinition/nz-citizenship": [
      "Patient"
    ],
    "http://hl7.org.nz/fhir/StructureDefinition/nz-ethnicity": [
      "Parameters.parameter",
      "Patient"
    ],
    "http://hl7.org.nz/fhir/StructureDefinition/nz-geocode": [
      "Address",
      "Patient.address"
    ],
    "http://hl7.org.nz/fhir/StructureDefinition/nz-iwi": [
      "Patient"
    ],
    "http://hl7.org.nz/fhir/StructureDefinition/nz-residency": [
      "Patient"
    ],
    "http://hl7.org.nz/fhir/StructureDefinition/pho": [
      "Patient"
    ],
    "http://hl7.org.nz/fhir/StructureDefinition/sex-at-birth": [
      "Patient"
    ],
    "http://hl7.org.nz/fhir/StructureDefinition/suburb": [
      "Address",
      "Patient.address"
    ],
    "http://hl7.org/fhir/StructureDefinition/elementdefinition-bestpractice": [
      "StructureDefinition.snapshot.element.constraint"
    ],
    "http://hl7.org/fhir/StructureDefinition/elementdefinition-bestpractice-explanation": [
      "StructureDefinition.snapshot.element.constraint"
    ],
    "http://hl7.org/fhir/StructureDefinition/elementdefinition-bindingName": [
      "StructureDefinition.snapshot.element.binding"
    ],
    "http://hl7.org/fhir/StructureDefinition/elementdefinition-isCommonBinding": [
      "StructureDefinition.snapshot.element.binding"
    ],
    "http://hl7.org/fhir/StructureDefinition/elementdefinition-maxValueSet": [
      "StructureDefinition.snapshot.element.binding"
    ],
    "http://hl7.org/fhir/StructureDefinition/iso21090-preferred": [
      "Parameters.parameter.resource.name",
      "Patient.name"
    ],
    "http://hl7.org/fhir/StructureDefinition/regex": [
      "StructureDefinition.snapshot.element.type"
    ],
    "http://hl7.org/fhir/StructureDefinition/structuredefinition-category": [
      "StructureDefinition"
    ],
    "http://hl7.org/fhir/StructureDefinition/structuredefinition-explicit-type-name": [
      "StructureDefinition.snapshot.element"
    ],
    "http://hl7.org/fhir/StructureDefinition/structuredefinition-fhir-type": [
      "StructureDefinition.snapshot.element.type"
    ],
    "http://hl7.org/fhir/StructureDefinition/structuredefinition-hierarchy": [
      "StructureDefinition.snapshot.element.type"
    ],
    "http://hl7.org/fhir/StructureDefinition/structuredefinition-security-category": [
      "StructureDefinition"
    ],
    "http://hl7.org/fhir/tools/StructureDefinition/ig-parameter": [
      "ImplementationGuide.definition"
    ],
    "http://hl7.org/fhir/tools/StructureDefinition/resource-information": [
      "ImplementationGuide.definition.resource"
    ]
  }
}