{
  "resourceType": "ValueSet",
  "id": "nhi-address-use",
  "text": {
    "status": "extensions",
    "div": "<div xmlns=\"http://www.w3.org/1999/xhtml\"><p>This value set includes codes based on the following rules:</p><ul><li>Import all the codes that are contained in <a href=\"http://hl7.org/fhir/R4/valueset-address-use.html\">http://hl7.org/fhir/ValueSet/address-use</a></li></ul><p>This value set excludes codes based on the following rules:</p><ul><li>Exclude these codes as defined in <a href=\"http://hl7.org/fhir/R4/codesystem-address-use.html\"><code>http://hl7.org/fhir/address-use</code></a><table class=\"none\"><tr><td style=\"white-space:nowrap\"><b>Code</b></td><td><b>Display</b></td><td><b>Definition</b></td></tr><tr><td><a href=\"http://hl7.org/fhir/R4/codesystem-address-use.html#address-use-work\">work</a></td><td>Work</td><td>An office address. First choice for business related contacts during business hours.</td></tr><tr><td><a href=\"http://hl7.org/fhir/R4/codesystem-address-use.html#address-use-billing\">billing</a></td><td>Billing</td><td>An address to be used to send bills, invoices, receipts etc.</td></tr></table></li></ul></div>"
  },
  "url": "https://nzhts.digital.health.nz/fhir/ValueSet/nhiaddressUse",
  "version": "0.11.0 snapshot",
  "name": "NhiAddressUse",
  "title": "NHI Address Use Codes",
  "status": "active",
  "date": "2022-07-06T21:40:36+00:00",
  "publisher": "Ministry of Health",
  "contact": [
    {
      "name": "Ministry of Health",
      "telecom": [
        {
          "system": "email",
          "value": "mailto:integration@health.govt.nz"
        }
      ]
    }
  ],
  "description": "Uses of the address supported by the NHI",
  "compose": {
    "include": [
      {
        "valueSet": [
          "http://hl7.org/fhir/ValueSet/address-use"
        ]
      }
    ],
    "exclude": [
      {
        "system": "http://hl7.org/fhir/address-use",
        "concept": [
          {
            "code": "work"
          },
          {
            "code": "billing"
          }
        ]
      }
    ]
  }
}