<?xml version="1.0" encoding="UTF-8"?>

<ValueSet xmlns="http://hl7.org/fhir">
  <id value="nhi-address-use"/>
  <text>
    <status value="generated"/><div xmlns="http://www.w3.org/1999/xhtml"><p>This value set includes codes based on the following rules:</p><ul><li>Import all the codes that are contained in http://hl7.org.nz/fhir/StructureDefinition.AddressUse</li></ul><p>This value set excludes codes based on the following rules:</p><ul><li>Exclude these codes as defined in <code>http://hl7.org.nz/fhir/StructureDefinition.AddressUse</code><table class="none"><tr><td style="white-space:nowrap"><b>Code</b></td><td><b>Display</b></td></tr><tr><td>work</td><td/></tr><tr><td>billing</td><td/></tr></table></li></ul></div>
  </text>
  <url value="https://nzhts.digital.health.nz/fhir/ValueSet/addressUse"/>
  <version value="0.1.0"/>
  <name value="NhiAddressUse"/>
  <title value="NHI Address Use Codes"/>
  <status value="active"/>
  <date value="2022-02-03T23:04:00+00:00"/>
  <publisher value="David Hay"/>
  <contact>
    <name value="David Hay"/>
    <telecom>
      <system value="email"/>
      <value value="mailto:david.hay25@gmail.com"/>
    </telecom>
  </contact>
  <description value="Uses of the address supported by the NHI"/>
  <compose>
    <include>
      <valueSet value="http://hl7.org.nz/fhir/StructureDefinition.AddressUse"/>
    </include>
    <exclude>
      <system value="http://hl7.org.nz/fhir/StructureDefinition.AddressUse"/>
      <concept>
        <code value="work"/>
      </concept>
      <concept>
        <code value="billing"/>
      </concept>
    </exclude>
  </compose>
</ValueSet>