{
  "codeSystems" : [
    {
      "url" : "http://hl7.org/fhir/ValueSet/administrative-gender",
      "version" : "4.0.1",
      "status" : "active",
      "name" : "AdministrativeGender",
      "title" : "AdministrativeGender",
      "description" : "The gender of a person used for administrative purposes.",
      "systems" : ["http://hl7.org/fhir/administrative-gender"],
      "oids" : ["2.16.840.1.113883.4.642.3.1"],
      "sources" : ["2.16.840.1.113883.4.642.3.1"],
      "uses" : {
      },
      "StructureDefinition-NhiPatient.html" : "NHI Patient",
      "StructureDefinition-CreateNhiPatient.html" : "Create NHI Patient",
      "StructureDefinition-PatientModel.html" : "Patient"
    },
    {
      "url" : "http://hl7.org/fhir/ValueSet/identifier-type",
      "version" : "4.0.1",
      "status" : "active",
      "name" : "Identifier Type Codes",
      "title" : "IdentifierType",
      "description" : "A coded type for an identifier that can be used to determine which identifier to use for a specific purpose.",
      "systems" : ["http://terminology.hl7.org/CodeSystem/v2-0203"],
      "oids" : ["2.16.840.1.113883.4.642.3.45"],
      "sources" : ["2.16.840.1.113883.4.642.3.45"],
      "uses" : {
      },
      "StructureDefinition-NhiPatient.html" : "NHI Patient",
      "StructureDefinition-CreateNhiPatient.html" : "Create NHI Patient"
    },
    {
      "url" : "http://hl7.org/fhir/ValueSet/identifier-use",
      "version" : "4.0.1",
      "status" : "active",
      "name" : "IdentifierUse",
      "title" : "IdentifierUse",
      "description" : "Identifies the purpose for this identifier, if known .",
      "systems" : ["http://hl7.org/fhir/identifier-use"],
      "oids" : ["2.16.840.1.113883.4.642.3.57"],
      "sources" : ["2.16.840.1.113883.4.642.3.57"],
      "uses" : {
      },
      "StructureDefinition-NhiPatient.html" : "NHI Patient"
    },
    {
      "url" : "http://hl7.org/fhir/ValueSet/languages",
      "version" : "4.0.1",
      "status" : "draft",
      "name" : "CommonLanguages",
      "title" : "Common Languages",
      "description" : "This value set includes common codes from BCP-47 (http://tools.ietf.org/html/bcp47)",
      "systems" : ["urn:ietf:bcp:47"],
      "oids" : ["2.16.840.1.113883.4.642.3.20"],
      "sources" : ["2.16.840.1.113883.4.642.3.20"],
      "uses" : {
      },
      "StructureDefinition-NhiPatient.html" : "NHI Patient",
      "StructureDefinition-CreateNhiPatient.html" : "Create NHI Patient"
    },
    {
      "url" : "http://hl7.org/fhir/ValueSet/link-type",
      "version" : "4.0.1",
      "status" : "active",
      "name" : "LinkType",
      "title" : "LinkType",
      "description" : "The type of link between this patient resource and another patient resource.",
      "systems" : ["http://hl7.org/fhir/link-type"],
      "oids" : ["2.16.840.1.113883.4.642.3.423"],
      "sources" : ["2.16.840.1.113883.4.642.3.423"],
      "uses" : {
      },
      "StructureDefinition-NhiPatient.html" : "NHI Patient",
      "StructureDefinition-CreateNhiPatient.html" : "Create NHI Patient"
    },
    {
      "url" : "http://hl7.org/fhir/ValueSet/marital-status",
      "version" : "4.0.1",
      "status" : "active",
      "name" : "Marital Status Codes",
      "title" : "MaritalStatus",
      "description" : "This value set defines the set of codes that can be used to indicate the marital status of a person.",
      "systems" : [
        "http://terminology.hl7.org/CodeSystem/v3-MaritalStatus",
        "http://terminology.hl7.org/CodeSystem/v3-NullFlavor"
      ],
      "oids" : ["2.16.840.1.113883.4.642.3.29"],
      "sources" : ["2.16.840.1.113883.4.642.3.29"],
      "uses" : {
      },
      "StructureDefinition-NhiPatient.html" : "NHI Patient",
      "StructureDefinition-CreateNhiPatient.html" : "Create NHI Patient"
    },
    {
      "url" : "http://hl7.org/fhir/ValueSet/name-use",
      "version" : "4.0.1",
      "status" : "active",
      "name" : "NameUse",
      "title" : "NameUse",
      "description" : "The use of a human name.",
      "systems" : ["http://hl7.org/fhir/name-use"],
      "oids" : ["2.16.840.1.113883.4.642.3.65"],
      "sources" : ["2.16.840.1.113883.4.642.3.65"],
      "uses" : {
      },
      "StructureDefinition-NhiPatient.html" : "NHI Patient",
      "StructureDefinition-CreateNhiPatient.html" : "Create NHI Patient",
      "StructureDefinition-PatientModel.html" : "Patient"
    },
    {
      "url" : "http://hl7.org/fhir/ValueSet/patient-contactrelationship",
      "version" : "4.0.1",
      "status" : "active",
      "name" : "PatientContactRelationship",
      "title" : "Patient Contact Relationship ",
      "description" : "The nature of the relationship between the patient and the contact person.",
      "systems" : ["http://terminology.hl7.org/CodeSystem/v2-0131"],
      "oids" : ["2.16.840.1.113883.4.642.3.1130"],
      "sources" : ["2.16.840.1.113883.4.642.3.1130"],
      "uses" : {
      },
      "StructureDefinition-NhiPatient.html" : "NHI Patient",
      "StructureDefinition-CreateNhiPatient.html" : "Create NHI Patient"
    },
    {
      "url" : "https://nzhts.digital.health.nz/fhir/ValueSet/addressType",
      "version" : "1.0",
      "status" : "active",
      "name" : "NhiAddressType",
      "title" : "NHI Address Type Codes",
      "description" : "Types of address supported by the NHI",
      "systems" : ["http://hl7.org/fhir/address-type"],
      "uses" : {
      },
      "StructureDefinition-NhiAddress.html" : "NHI Address",
      "StructureDefinition-NhiPatient.html" : "NHI Patient",
      "StructureDefinition-CreateNhiPatient.html" : "Create NHI Patient"
    },
    {
      "url" : "https://nzhts.digital.health.nz/fhir/ValueSet/country-code",
      "version" : "2013",
      "status" : "active",
      "name" : "Hpi_country_code_iso_3166_1",
      "title" : "ISO 3166-1:2013 (2-alpha country code)",
      "description" : "2-alpha country codes",
      "systems" : [
        "urn:iso:std:iso:3166",
        "https://standards.digital.health.nz/ns/country-code"
      ],
      "uses" : {
      },
      "StructureDefinition-birth-place.html" : "BirthPlace",
      "StructureDefinition-NhiAddress.html" : "NHI Address",
      "StructureDefinition-NhiPatient.html" : "NHI Patient",
      "StructureDefinition-CreateNhiPatient.html" : "Create NHI Patient"
    },
    {
      "url" : "https://nzhts.digital.health.nz/fhir/ValueSet/country-of-birth-source-code",
      "version" : "1.2",
      "status" : "active",
      "name" : "Nhi_country_of_birth_source",
      "title" : "Country of Birth Information Source",
      "description" : "A coded type for the source of information for a birth country.",
      "systems" : [
        "https://standards.digital.health.nz/ns/information-source-code"
      ],
      "uses" : {
      },
      "StructureDefinition-birth-place.html" : "BirthPlace",
      "StructureDefinition-CreateNhiPatient.html" : "Create NHI Patient"
    },
    {
      "url" : "https://nzhts.digital.health.nz/fhir/ValueSet/date-of-birth-source-code",
      "version" : "1.2",
      "status" : "active",
      "name" : "Nhi_date_of_birth_source",
      "title" : "Date of Birth Information Source",
      "description" : "A coded type for the source of information for a birth date.",
      "systems" : [
        "https://standards.digital.health.nz/ns/information-source-code"
      ],
      "uses" : {
      },
      "StructureDefinition-NhiPatient.html" : "NHI Patient",
      "StructureDefinition-CreateNhiPatient.html" : "Create NHI Patient"
    },
    {
      "url" : "https://nzhts.digital.health.nz/fhir/ValueSet/dod-information-source-code",
      "version" : "1.2",
      "status" : "active",
      "name" : "Nhi_date_of_death_source",
      "title" : "Date of Death Information Source",
      "description" : "A coded type for the source of information for a death date.",
      "systems" : [
        "https://standards.digital.health.nz/ns/information-source-code"
      ],
      "uses" : {
      },
      "StructureDefinition-NhiPatient.html" : "NHI Patient",
      "StructureDefinition-CreateNhiPatient.html" : "Create NHI Patient"
    },
    {
      "url" : "https://nzhts.digital.health.nz/fhir/ValueSet/ethnic-group-level-4-code",
      "version" : "2.0",
      "status" : "active",
      "name" : "Hip_ethnicity_lvl_4",
      "title" : "HPI 4 digit ethnicity codes",
      "description" : "HPI 4 digit ethnicity codes as used in the provider person extract",
      "systems" : [
        "https://standards.digital.health.nz/ns/ethnic-group-level-4-code"
      ],
      "uses" : {
      },
      "StructureDefinition-NhiPatient.html" : "NHI Patient",
      "StructureDefinition-CreateNhiPatient.html" : "Create NHI Patient"
    },
    {
      "url" : "https://nzhts.digital.health.nz/fhir/ValueSet/ethnic-group-level-4-code",
      "version" : "2.1.0",
      "status" : "active",
      "name" : "Ethnicity",
      "title" : "Ethnicity of a person",
      "description" : "Codes to record a person's ethnicity, drawn from [Level 4 of the Ethnicity code system](http://aria.stats.govt.nz/aria/#ClassificationView:uri=http://stats.govt.nz/cms/ClassificationVersion/YVqOcFHSlguKkT17)",
      "systems" : [
        "https://standards.digital.health.nz/ns/ethnic-group-level-4-code"
      ],
      "uses" : {
      },
      "StructureDefinition-PatientModel.html" : "Patient"
    },
    {
      "url" : "https://nzhts.digital.health.nz/fhir/ValueSet/name-prefix-code",
      "version" : "2.0",
      "status" : "active",
      "name" : "Hpi_name_prefix",
      "title" : "Name Prefix Codes",
      "description" : "A coded type for name prefixes.",
      "systems" : ["https://standards.digital.health.nz/ns/name-prefix-code"],
      "uses" : {
      },
      "StructureDefinition-NhiPatient.html" : "NHI Patient",
      "StructureDefinition-CreateNhiPatient.html" : "Create NHI Patient"
    },
    {
      "url" : "https://nzhts.digital.health.nz/fhir/ValueSet/name-source-code",
      "version" : "1.3",
      "status" : "active",
      "name" : "Nhi_name_source",
      "title" : "Name Information Source",
      "description" : "A coded type for the source of information for a name.",
      "systems" : [
        "https://standards.digital.health.nz/ns/information-source-code"
      ],
      "uses" : {
      },
      "StructureDefinition-NhiPatient.html" : "NHI Patient",
      "StructureDefinition-CreateNhiPatient.html" : "Create NHI Patient"
    },
    {
      "url" : "https://nzhts.digital.health.nz/fhir/ValueSet/nhi-address-not-validated-reason-code",
      "version" : "1.1",
      "status" : "active",
      "name" : "Nhi_address_not_validated_reason",
      "title" : "Address Not Validated Reason",
      "description" : "Reason why an address is not validated.",
      "systems" : [
        "https://standards.digital.health.nz/ns/address-not-validated-reason-code"
      ],
      "uses" : {
      },
      "StructureDefinition-not-validated-address-reason.html" : "NotValidatedAddressReason"
    },
    {
      "url" : "https://nzhts.digital.health.nz/fhir/ValueSet/nhi-contact-point-system-code",
      "version" : "1.5.5",
      "status" : "active",
      "name" : "NhiContactPointSystem",
      "title" : "NHI ContactPoint System Codes",
      "description" : "System values for a ContactPoint supported  by the NHI",
      "systems" : ["http://hl7.org/fhir/contact-point-system"],
      "uses" : {
      },
      "StructureDefinition-NhiPatient.html" : "NHI Patient",
      "StructureDefinition-CreateNhiPatient.html" : "Create NHI Patient"
    },
    {
      "url" : "https://nzhts.digital.health.nz/fhir/ValueSet/nhi-name-use-extra-code",
      "version" : "1.0",
      "status" : "active",
      "name" : "Nhi_name_use_extra",
      "title" : "NHI Name Use Extra",
      "description" : "Additional name use codes for NHI names",
      "systems" : [
        "https://standards.digital.health.nz/ns/nhi-name-use-extra-code"
      ],
      "uses" : {
      },
      "StructureDefinition-name-use-extra.html" : "NameUseExtra"
    },
    {
      "url" : "https://nzhts.digital.health.nz/fhir/ValueSet/nhi-use-code",
      "version" : "2.0.0",
      "status" : "active",
      "name" : "NHIUse",
      "title" : "Valid use values for NHI",
      "description" : "NHI Use codes",
      "systems" : ["http://hl7.org/fhir/identifier-use"],
      "uses" : {
      },
      "StructureDefinition-NhiPatient.html" : "NHI Patient",
      "StructureDefinition-CreateNhiPatient.html" : "Create NHI Patient"
    },
    {
      "url" : "https://nzhts.digital.health.nz/fhir/ValueSet/nhiContactUseType",
      "version" : "1.5.5",
      "status" : "active",
      "name" : "NhiContactPointUse",
      "title" : "NHI ContactPoint Use Codes",
      "description" : "Types of contact use supported  by the NHI",
      "systems" : ["http://hl7.org/fhir/contact-point-use"],
      "uses" : {
      },
      "StructureDefinition-NhiPatient.html" : "NHI Patient",
      "StructureDefinition-CreateNhiPatient.html" : "Create NHI Patient"
    },
    {
      "url" : "https://nzhts.digital.health.nz/fhir/ValueSet/nhiaddressUse",
      "version" : "1.0.0",
      "status" : "active",
      "name" : "NhiAddressUse",
      "title" : "NHI Address Use Codes",
      "description" : "Uses of the address supported by the NHI",
      "systems" : ["http://hl7.org/fhir/address-use"],
      "uses" : {
      },
      "StructureDefinition-NhiAddress.html" : "NHI Address",
      "StructureDefinition-NhiPatient.html" : "NHI Patient",
      "StructureDefinition-CreateNhiPatient.html" : "Create NHI Patient"
    },
    {
      "url" : "https://nzhts.digital.health.nz/fhir/ValueSet/nz-citizenship-source-code",
      "version" : "1.1",
      "status" : "active",
      "name" : "Nhi_citizenship_source",
      "title" : "NZ Citizenship Information Source",
      "description" : "A coded type for the source of information for NZ citizenship.",
      "systems" : [
        "https://standards.digital.health.nz/ns/information-source-code"
      ],
      "uses" : {
      },
      "StructureDefinition-NhiPatient.html" : "NHI Patient",
      "StructureDefinition-CreateNhiPatient.html" : "Create NHI Patient"
    },
    {
      "url" : "https://nzhts.digital.health.nz/fhir/ValueSet/nz-citizenship-status-code",
      "version" : "1.1.0",
      "status" : "active",
      "name" : "CitizenshipStatus",
      "title" : "NZ Citizenship status",
      "description" : "Citizenship status",
      "systems" : [
        "https://standards.digital.health.nz/ns/nz-citizenship-status-code"
      ],
      "uses" : {
      },
      "StructureDefinition-NhiPatient.html" : "NHI Patient",
      "StructureDefinition-CreateNhiPatient.html" : "Create NHI Patient"
    }
  ]
}
