<?xml version="1.0" encoding="UTF-8"?>

<ValueSet xmlns="http://hl7.org/fhir">
  <id value="nhi-address-use"/>
  <text>
    <status value="extensions"/><div xmlns="http://www.w3.org/1999/xhtml"><p>This value set includes codes based on the following rules:</p><ul><li>Import all the codes that are contained in <a href="http://hl7.org/fhir/R4/valueset-address-use.html">http://hl7.org/fhir/ValueSet/address-use</a></li></ul><p>This value set excludes codes based on the following rules:</p><ul><li>Exclude these codes as defined in <a href="http://hl7.org/fhir/R4/codesystem-address-use.html"><code>http://hl7.org/fhir/address-use</code></a><table class="none"><tr><td style="white-space:nowrap"><b>Code</b></td><td><b>Display</b></td><td><b>Definition</b></td></tr><tr><td><a href="http://hl7.org/fhir/R4/codesystem-address-use.html#address-use-work">work</a></td><td>Work</td><td>An office address. First choice for business related contacts during business hours.</td></tr><tr><td><a href="http://hl7.org/fhir/R4/codesystem-address-use.html#address-use-billing">billing</a></td><td>Billing</td><td>An address to be used to send bills, invoices, receipts etc.</td></tr></table></li></ul></div>
  </text>
  <url value="https://nzhts.digital.health.nz/fhir/ValueSet/nhiaddressUse"/>
  <version value="0.10.0"/>
  <name value="NhiAddressUse"/>
  <title value="NHI Address Use Codes"/>
  <status value="active"/>
  <date value="2022-03-28T22:42:47+00:00"/>
  <publisher value="Ministry of Health"/>
  <contact>
    <name value="Ministry of Health"/>
    <telecom>
      <system value="email"/>
      <value value="mailto:integration@health.govt.nz"/>
    </telecom>
  </contact>
  <description value="Uses of the address supported by the NHI"/>
  <compose>
    <include>
      <valueSet value="http://hl7.org/fhir/ValueSet/address-use"/>
    </include>
    <exclude>
      <system value="http://hl7.org/fhir/address-use"/>
      <concept>
        <code value="work"/>
      </concept>
      <concept>
        <code value="billing"/>
      </concept>
    </exclude>
  </compose>
</ValueSet>