{
  "resourceType": "ValueSet",
  "id": "Datum",
  "text": {
    "status": "generated",
    "div": "<div xmlns=\"http://www.w3.org/1999/xhtml\"><ul><li>Include all codes defined in <a href=\"CodeSystem-Datum.html\"><code>https://standards.digital.health.nz/ns/datum-code</code></a></li></ul></div>"
  },
  "url": "https://nzhts.digital.health.nz/fhir/ValueSet/datum-code",
  "version": "0.11.0 snapshot",
  "name": "Datum",
  "title": "Datum Code",
  "status": "active",
  "date": "2022-07-29T05:06:45+00:00",
  "publisher": "Ministry of Health",
  "contact": [
    {
      "name": "Ministry of Health",
      "telecom": [
        {
          "system": "email",
          "value": "mailto:integration@health.govt.nz"
        }
      ]
    }
  ],
  "description": "Identifies the coordinate system used to specify points on a map",
  "compose": {
    "include": [
      {
        "system": "https://standards.digital.health.nz/ns/datum-code"
      }
    ]
  }
}