<?xml version="1.0" encoding="UTF-8"?>

<ValueSet xmlns="http://hl7.org/fhir">
  <id value="nhi-contact-point-system-code-1.0"/>
  <text>
    <status value="extensions"/><div xmlns="http://www.w3.org/1999/xhtml"><p class="res-header-id"><b>Generated Narrative: ValueSet nhi-contact-point-system-code-1.0</b></p><a name="nhi-contact-point-system-code-1.0"> </a><a name="hcnhi-contact-point-system-code-1.0"> </a><a name="nhi-contact-point-system-code-1.0-en-US"> </a><ul><li>Include these codes as defined in <a href="http://hl7.org/fhir/R4/codesystem-contact-point-system.html"><code>http://hl7.org/fhir/contact-point-system</code></a><table class="none"><tr><td style="white-space:nowrap"><b>Code</b></td><td><b>Display</b></td><td><b>Definition</b></td></tr><tr><td><a href="http://hl7.org/fhir/R4/codesystem-contact-point-system.html#contact-point-system-phone">phone</a></td><td style="color: #cccccc">Phone</td><td>The value is a telephone number used for voice calls. Use of full international numbers starting with + is recommended to enable automatic dialing support but not required.</td></tr><tr><td><a href="http://hl7.org/fhir/R4/codesystem-contact-point-system.html#contact-point-system-email">email</a></td><td style="color: #cccccc">Email</td><td>The value is an email address.</td></tr></table></li></ul></div>
  </text>
  <url value="https://nzhts.digital.health.nz/fhir/ValueSet/nhi-contact-point-system-code"/>
  <version value="1.6.0"/>
  <name value="NhiContactPointSystem"/>
  <title value="NHI ContactPoint System Codes"/>
  <status value="active"/>
  <experimental value="false"/>
  <date value="2023-01-30T00:00:00+13:00"/>
  <publisher value="Te Whatu Ora"/>
  <contact>
    <name value="Te Whatu Ora"/>
    <telecom>
      <system value="email"/>
      <value value="mailto:integration@health.govt.nz"/>
    </telecom>
  </contact>
  <description value="System values for a ContactPoint supported  by the NHI"/>
  <compose>
    <include>
      <system value="http://hl7.org/fhir/contact-point-system"/>
      <concept>
        <code value="phone"/>
      </concept>
      <concept>
        <code value="email"/>
      </concept>
    </include>
  </compose>
</ValueSet>