<?xml version="1.0" encoding="UTF-8"?>

<ValueSet xmlns="http://hl7.org/fhir">
  <id value="nhi-name-prefix"/>
  <text>
    <status value="generated"/><div xmlns="http://www.w3.org/1999/xhtml"><ul><li>Include all codes defined in <a href="https://simplifier.net/resolve?scope=ig.hip.digital.health.nz.base@1.0.49-SNAPSHOT&amp;canonical=https://standards.digital.health.nz/ns/name-prefix-code"><code>https://standards.digital.health.nz/ns/name-prefix-code</code></a></li></ul></div>
  </text>
  <url value="https://nzhts.digital.health.nz/fhir/ValueSet/name-prefix-code"/>
  <version value="0.10.0"/>
  <name value="NhiNamePrefix"/>
  <title value="Name Prefix codes"/>
  <status value="active"/>
  <date value="2022-03-03T21:28:01+00:00"/>
  <publisher value="David Hay"/>
  <contact>
    <name value="David Hay"/>
    <telecom>
      <system value="email"/>
      <value value="mailto:david.hay25@gmail.com"/>
    </telecom>
  </contact>
  <description value="Types of name prefixes used by NHI"/>
  <compose>
    <include>
      <system value="https://standards.digital.health.nz/ns/name-prefix-code"/>
    </include>
  </compose>
</ValueSet>