<?xml version="1.0" encoding="UTF-8"?>

<ValueSet xmlns="http://hl7.org/fhir">
  <id value="name-information-source"/>
  <text>
    <status value="generated"/><div xmlns="http://www.w3.org/1999/xhtml"><ul><li>Include all codes defined in <a href="https://simplifier.net/resolve?scope=hl7.org.nz.fhir.ig.base@0.9.0&amp;canonical=https://standards.digital.health.nz/ns/information-source-code"><code>https://standards.digital.health.nz/ns/information-source-code</code></a></li></ul></div>
  </text>
  <url value="https://nzhts.digital.health.nz/fhir/ValueSet/name-source-code"/>
  <version value="0.1.0"/>
  <name value="NameInformationSource"/>
  <title value="Name Information Source"/>
  <status value="active"/>
  <date value="2022-02-08T02:25:38+00:00"/>
  <publisher value="David Hay"/>
  <contact>
    <name value="David Hay"/>
    <telecom>
      <system value="email"/>
      <value value="mailto:david.hay25@gmail.com"/>
    </telecom>
  </contact>
  <description value="The source from which the name was obtained"/>
  <compose>
    <include>
      <system value="https://standards.digital.health.nz/ns/information-source-code"/>
    </include>
  </compose>
</ValueSet>