<?xml version="1.0" encoding="UTF-8"?>

<ValueSet xmlns="http://hl7.org/fhir">
  <id value="NhiIdentifierUse"/>
  <text>
    <status value="extensions"/><div xmlns="http://www.w3.org/1999/xhtml"><ul><li>Include these codes as defined in <a href="http://hl7.org/fhir/R4/codesystem-identifier-use.html"><code>http://hl7.org/fhir/identifier-use</code></a><table class="none"><tr><td style="white-space:nowrap"><b>Code</b></td><td><b>Display</b></td><td><b>Definition</b></td></tr><tr><td><a href="http://hl7.org/fhir/R4/codesystem-identifier-use.html#identifier-use-official">official</a></td><td>Official</td><td>The identifier considered to be most trusted for the identification of this item. Sometimes also known as &quot;primary&quot; and &quot;main&quot;. The determination of &quot;official&quot; is subjective and implementation guides often provide additional guidelines for use.</td></tr><tr><td><a href="http://hl7.org/fhir/R4/codesystem-identifier-use.html#identifier-use-old">old</a></td><td>Old</td><td>The identifier id no longer considered valid, but may be relevant for search purposes.  E.g. Changes to identifier schemes, account merges, etc.</td></tr></table></li></ul></div>
  </text>
  <url value="https://nzhts.digital.health.nz/fhir/ValueSet/nhi-identifier-use-code"/>
  <version value="0.11.0 snapshot"/>
  <name value="NhiIdentifierUse"/>
  <title value="NHI Identifier"/>
  <status value="active"/>
  <date value="2022-05-05T21:08:27+00:00"/>
  <publisher value="Ministry of Health"/>
  <contact>
    <name value="Ministry of Health"/>
    <telecom>
      <system value="email"/>
      <value value="mailto:integration@health.govt.nz"/>
    </telecom>
  </contact>
  <description value="NHI Identifier"/>
  <compose>
    <include>
      <system value="http://hl7.org/fhir/identifier-use"/>
      <concept>
        <code value="official"/>
        <display value="Official"/>
      </concept>
      <concept>
        <code value="old"/>
        <display value="Old"/>
      </concept>
    </include>
  </compose>
</ValueSet>