<?xml version="1.0" encoding="UTF-8"?>

<ValueSet xmlns="http://hl7.org/fhir">
  <id value="Datum"/>
  <text>
    <status value="generated"/><div xmlns="http://www.w3.org/1999/xhtml"><ul><li>Include all codes defined in <a href="CodeSystem-Datum.html"><code>https://standards.digital.health.nz/ns/datum-code</code></a></li></ul></div>
  </text>
  <url value="https://nzhts.digital.health.nz/fhir/ValueSet/datum-code"/>
  <version value="0.11.0 snapshot"/>
  <name value="Datum"/>
  <title value="Datum Code"/>
  <status value="active"/>
  <date value="2022-04-12T04:07:31+00:00"/>
  <publisher value="Ministry of Health"/>
  <contact>
    <name value="Ministry of Health"/>
    <telecom>
      <system value="email"/>
      <value value="mailto:integration@health.govt.nz"/>
    </telecom>
  </contact>
  <description value="Identifies the coordinate system used to specify points on a map"/>
  <compose>
    <include>
      <system value="https://standards.digital.health.nz/ns/datum-code"/>
    </include>
  </compose>
</ValueSet>