<?xml version="1.0" encoding="UTF-8"?>

<ValueSet xmlns="http://hl7.org/fhir">
  <id value="domicile-code"/>
  <text>
    <status value="generated"/><div xmlns="http://www.w3.org/1999/xhtml"><ul><li>Include all codes defined in <a href="file://C:/Users/pryan/git/hip-fhir-common/src/main/fsh/output/CodeSystem-domicile-1.0.html"><code>https://standards.digital.health.nz/ns/domicile-code</code></a></li></ul></div>
  </text>
  <url value="https://nzhts.digital.health.nz/fhir/ValueSet/domicile-code"/>
  <version value="0.10.0"/>
  <name value="DomicileCode"/>
  <title value="domicileCode"/>
  <status value="active"/>
  <date value="2022-03-30T02:39:42+00:00"/>
  <publisher value="Ministry of Health"/>
  <contact>
    <name value="Ministry of Health"/>
    <telecom>
      <system value="email"/>
      <value value="mailto:integration@health.govt.nz"/>
    </telecom>
  </contact>
  <description value="Domicile Code"/>
  <compose>
    <include>
      <system value="https://standards.digital.health.nz/ns/domicile-code"/>
    </include>
  </compose>
</ValueSet>