{
  "resourceType": "ValueSet",
  "id": "nz-additional-sex-code",
  "text": {
    "status": "generated",
    "div": "<div xmlns=\"http://www.w3.org/1999/xhtml\"><p>This value set includes codes based on the following rules:</p><ul><li>Include all codes defined in <a href=\"http://hl7.org/fhir/R4/codesystem-administrative-gender.html\"><code>http://hl7.org/fhir/administrative-gender</code></a></li><li>Include all codes defined in <a href=\"CodeSystem-nz-additional-sex-code.html\"><code>https://standards.digital.health.nz/ns/nz-additional-sex-code</code></a></li></ul></div>"
  },
  "url": "https://nzhts.digital.health.nz/fhir/ValueSet/nz-additional-sex-code",
  "version": "0.1.0",
  "name": "AdditionalSex",
  "title": "Gender codes including Indeterminate",
  "status": "active",
  "date": "2022-02-08T02:25:38+00:00",
  "publisher": "David Hay",
  "contact": [
    {
      "name": "David Hay",
      "telecom": [
        {
          "system": "email",
          "value": "mailto:david.hay25@gmail.com"
        }
      ]
    }
  ],
  "description": "Additional sex values for Patient",
  "compose": {
    "include": [
      {
        "system": "http://hl7.org/fhir/administrative-gender"
      },
      {
        "system": "https://standards.digital.health.nz/ns/nz-additional-sex-code"
      }
    ]
  }
}