{
  "resourceType": "ValueSet",
  "id": "ethnicity",
  "text": {
    "status": "generated",
    "div": "<div xmlns=\"http://www.w3.org/1999/xhtml\"><ul><li>Include all codes defined in <a href=\"https://simplifier.net/resolve?scope=ig.hip.digital.health.nz.base@1.0.49-SNAPSHOT&amp;canonical=https://standards.digital.health.nz/ns/ethnic-group-level-4-code\"><code>https://standards.digital.health.nz/ns/ethnic-group-level-4-code</code></a></li></ul></div>"
  },
  "url": "https://nzhts.digital.health.nz/fhir/ValueSet/ethnic-group-level-4-code",
  "version": "0.10.0",
  "name": "Ethnicity",
  "title": "Ethnicity of a person",
  "status": "active",
  "date": "2022-03-28T22:42:47+00:00",
  "publisher": "Ministry of Health",
  "contact": [
    {
      "name": "Ministry of Health",
      "telecom": [
        {
          "system": "email",
          "value": "mailto:integration@health.govt.nz"
        }
      ]
    }
  ],
  "description": "Codes to record a person's ethnicity, drawn from [Level 4 of the Ethnicity code system](http://aria.stats.govt.nz/aria/#ClassificationView:uri=http://stats.govt.nz/cms/ClassificationVersion/YVqOcFHSlguKkT17)",
  "compose": {
    "include": [
      {
        "system": "https://standards.digital.health.nz/ns/ethnic-group-level-4-code"
      }
    ]
  }
}