{
  "resourceType": "ValueSet",
  "id": "AddressNotValidatedReason",
  "text": {
    "status": "generated",
    "div": "<div xmlns=\"http://www.w3.org/1999/xhtml\"><ul><li>Include all codes defined in <a href=\"CodeSystem-AddressNotValidated.html\"><code>https://standards.digital.health.nz/ns/nhi-address-not-validated-reason-code</code></a></li></ul></div>"
  },
  "url": "https://nzhts.digital.health.nz/fhir/ValueSet/address-not-validated-reason-code",
  "version": "0.10.0",
  "name": "AddressNotValidatedReason",
  "title": "Address Not Validated reason",
  "status": "active",
  "date": "2022-03-30T02:39:42+00:00",
  "publisher": "Ministry of Health",
  "contact": [
    {
      "name": "Ministry of Health",
      "telecom": [
        {
          "system": "email",
          "value": "mailto:integration@health.govt.nz"
        }
      ]
    }
  ],
  "description": "The reason why the address was not validated",
  "compose": {
    "include": [
      {
        "system": "https://standards.digital.health.nz/ns/nhi-address-not-validated-reason-code"
      }
    ]
  }
}