{
  "resourceType": "ValueSet",
  "id": "nhi-name-prefix",
  "text": {
    "status": "generated",
    "div": "<div xmlns=\"http://www.w3.org/1999/xhtml\"><ul><li>Include all codes defined in <a href=\"https://simplifier.net/resolve?scope=hl7.org.nz.fhir.ig.hip-core@1.0.49-SNAPSHOT&amp;canonical=https://standards.digital.health.nz/ns/name-prefix-code\"><code>https://standards.digital.health.nz/ns/name-prefix-code</code></a></li></ul></div>"
  },
  "url": "https://nzhts.digital.health.nz/fhir/ValueSet/name-prefix-code",
  "version": "0.1.0",
  "name": "NhiNamePrefix",
  "title": "Name Prefix codes",
  "status": "active",
  "date": "2022-02-21T00:37:06+00:00",
  "publisher": "David Hay",
  "contact": [
    {
      "name": "David Hay",
      "telecom": [
        {
          "system": "email",
          "value": "mailto:david.hay25@gmail.com"
        }
      ]
    }
  ],
  "description": "Types of name prefixes used by NHI",
  "compose": {
    "include": [
      {
        "system": "https://standards.digital.health.nz/ns/name-prefix-code"
      }
    ]
  }
}