<?xml version="1.0" encoding="UTF-8"?>

<ValueSet xmlns="http://hl7.org/fhir">
  <id value="nz-additional-sex-code"/>
  <text>
    <status value="generated"/><div xmlns="http://www.w3.org/1999/xhtml"><p>This value set includes codes based on the following rules:</p><ul><li>Include all codes defined in <a href="http://hl7.org/fhir/R4/codesystem-administrative-gender.html"><code>http://hl7.org/fhir/administrative-gender</code></a></li><li>Include all codes defined in <a href="CodeSystem-nz-additional-sex-code.html"><code>https://standards.digital.health.nz/ns/nz-additional-sex-code</code></a></li></ul></div>
  </text>
  <url value="https://nzhts.digital.health.nz/fhir/ValueSet/nz-additional-sex-code"/>
  <version value="0.10.0"/>
  <name value="AdditionalSex"/>
  <title value="Gender codes including Indeterminate"/>
  <status value="active"/>
  <date value="2022-03-08T23:38:33+00:00"/>
  <publisher value="David Hay"/>
  <contact>
    <name value="David Hay"/>
    <telecom>
      <system value="email"/>
      <value value="mailto:david.hay25@gmail.com"/>
    </telecom>
  </contact>
  <description value="Additional sex values for Patient"/>
  <compose>
    <include>
      <system value="http://hl7.org/fhir/administrative-gender"/>
    </include>
    <include>
      <system value="https://standards.digital.health.nz/ns/nz-additional-sex-code"/>
    </include>
  </compose>
</ValueSet>