{
  "resourceType" : "ValueSet",
  "id" : "nhi-contactpoint-use",
  "text" : {
    "status" : "extensions",
    "div" : "<div xmlns=\"http://www.w3.org/1999/xhtml\"><p>This value set includes codes based on the following rules:</p><ul><li>Include all codes defined in <a href=\"http://hl7.org/fhir/R4/codesystem-contact-point-use.html\"><code>http://hl7.org/fhir/contact-point-use</code></a></li></ul><p>This value set excludes codes based on the following rules:</p><ul><li>Exclude these codes as defined in <a href=\"http://hl7.org/fhir/R4/codesystem-contact-point-use.html\"><code>http://hl7.org/fhir/contact-point-use</code></a><table class=\"none\"><tr><td style=\"white-space:nowrap\"><b>Code</b></td><td><b>Display</b></td><td><b>Definition</b></td></tr><tr><td><a href=\"http://hl7.org/fhir/R4/codesystem-contact-point-use.html#contact-point-use-temp\">temp</a></td><td style=\"color: #cccccc\">Temp</td><td>A temporary contact point. The period can provide more detailed information.</td></tr><tr><td><a href=\"http://hl7.org/fhir/R4/codesystem-contact-point-use.html#contact-point-use-old\">old</a></td><td style=\"color: #cccccc\">Old</td><td>This contact point is no longer in use (or was never correct, but retained for records).</td></tr><tr><td><a href=\"http://hl7.org/fhir/R4/codesystem-contact-point-use.html#contact-point-use-work\">work</a></td><td style=\"color: #cccccc\">Work</td><td>An office contact point. First choice for business related contacts during business hours.</td></tr></table></li></ul></div>"
  },
  "url" : "https://nzhts.digital.health.nz/fhir/ValueSet/nhiContactUseType",
  "version" : "1.5.3",
  "name" : "NhiContactPointUse",
  "title" : "NHI ContactPoint Use Codes",
  "status" : "active",
  "experimental" : false,
  "date" : "2023-01-30T00:00:00+13:00",
  "publisher" : "Te Whatu Ora",
  "contact" : [{
    "name" : "Te Whatu Ora",
    "telecom" : [{
      "system" : "email",
      "value" : "mailto:integration@health.govt.nz"
    }]
  }],
  "description" : "Types of contact use supported  by the NHI",
  "compose" : {
    "include" : [{
      "system" : "http://hl7.org/fhir/contact-point-use"
    }],
    "exclude" : [{
      "system" : "http://hl7.org/fhir/contact-point-use",
      "concept" : [{
        "code" : "temp"
      },
      {
        "code" : "old"
      },
      {
        "code" : "work"
      }]
    }]
  }
}