URL,Version,Status,OIDs,Name,Title,Descriptino,Uses,Used,Sources
http://hl7.org/fhir/ValueSet/administrative-gender,4.0.1,active,"2.16.840.1.113883.4.642.3.1",AdministrativeGender,AdministrativeGender,"The gender of a person used for administrative purposes.","StructureDefinition/PatientModel","hl7.fhir.r4.core"
https://nzhts.digital.health.nz/fhir/ValueSet/addressType,1.0,active,,NhiAddressType,NHI Address Type Codes,"Types of address supported by the NHI","StructureDefinition/NhiAddress","hl7.fhir.r4.core"
https://nzhts.digital.health.nz/fhir/ValueSet/country-code,2013,active,,Hpi_country_code_iso_3166_1,ISO 3166-1:2013 (2-alpha country code),"2-alpha country codes","StructureDefinition/birth-place,StructureDefinition/NhiAddress","hl7.org.nz.fhir.ig.hip-core"
https://nzhts.digital.health.nz/fhir/ValueSet/country-of-birth-source-code,1.2,active,,Nhi_country_of_birth_source,Country of Birth Information Source,"A coded type for the source of information for a birth country.","StructureDefinition/birth-place","fhir.org.nz.ig.base"
https://nzhts.digital.health.nz/fhir/ValueSet/date-of-birth-source-code,1.2,active,,Nhi_date_of_birth_source,Date of Birth Information Source,"A coded type for the source of information for a birth date.","StructureDefinition/NhiPatient","fhir.org.nz.ig.base"
https://nzhts.digital.health.nz/fhir/ValueSet/dod-information-source-code,1.2,active,,Nhi_date_of_death_source,Date of Death Information Source,"A coded type for the source of information for a death date.","StructureDefinition/NhiPatient","fhir.org.nz.ig.base"
https://nzhts.digital.health.nz/fhir/ValueSet/ethnic-group-level-4-code,2.0,active,,Hip_ethnicity_lvl_4,HPI 4 digit ethnicity codes,"HPI 4 digit ethnicity codes as used in the provider person extract","StructureDefinition/NhiPatient","fhir.org.nz.ig.base"
https://nzhts.digital.health.nz/fhir/ValueSet/ethnic-group-level-4-code,2.1.0,active,,Ethnicity,Ethnicity of a person,"Codes to record a person's ethnicity, drawn from [Level 4 of the Ethnicity code system](http://aria.stats.govt.nz/aria/#ClassificationView:uri=http://stats.govt.nz/cms/ClassificationVersion/YVqOcFHSlguKkT17)","StructureDefinition/PatientModel","fhir.org.nz.ig.base"
https://nzhts.digital.health.nz/fhir/ValueSet/name-prefix-code,2.0,active,,Hpi_name_prefix,Name Prefix Codes,"A coded type for name prefixes.","StructureDefinition/NhiPatient","hl7.org.nz.fhir.ig.hip-core"
https://nzhts.digital.health.nz/fhir/ValueSet/name-source-code,1.3,active,,Nhi_name_source,Name Information Source,"A coded type for the source of information for a name.","StructureDefinition/NhiPatient","fhir.org.nz.ig.base"
https://nzhts.digital.health.nz/fhir/ValueSet/nhi-address-not-validated-reason-code,1.1,active,,Nhi_address_not_validated_reason,Address Not Validated Reason,"Reason why an address is not validated.","StructureDefinition/not-validated-address-reason","hl7.org.nz.fhir.ig.hip-core"
https://nzhts.digital.health.nz/fhir/ValueSet/nhi-contact-point-system-code,1.6.1,active,,NhiContactPointSystem,NHI ContactPoint System Codes,"System values for a ContactPoint supported  by the NHI","StructureDefinition/NhiPatient","hl7.fhir.r4.core"
https://nzhts.digital.health.nz/fhir/ValueSet/nhi-name-use-extra-code,1.0,active,,Nhi_name_use_extra,NHI Name Use Extra,"Additional name use codes for NHI names","StructureDefinition/name-use-extra","hl7.org.nz.fhir.ig.hip-core"
https://nzhts.digital.health.nz/fhir/ValueSet/nhiContactUseType,1.6.1,active,,NhiContactPointUse,NHI ContactPoint Use Codes,"Types of contact use supported  by the NHI","StructureDefinition/NhiPatient","hl7.fhir.r4.core"
https://nzhts.digital.health.nz/fhir/ValueSet/nhiaddressUse,1.0.0,active,,NhiAddressUse,NHI Address Use Codes,"Uses of the address supported by the NHI","StructureDefinition/NhiAddress","hl7.fhir.r4.core"
https://nzhts.digital.health.nz/fhir/ValueSet/nz-citizenship-source-code,1.1,active,,Nhi_citizenship_source,NZ Citizenship Information Source,"A coded type for the source of information for NZ citizenship.","StructureDefinition/NhiPatient","fhir.org.nz.ig.base"
