<?xml version="1.0" encoding="UTF-8"?>

<ValueSet xmlns="http://hl7.org/fhir">
  <id value="AddressNotValidatedReason"/>
  <text>
    <status value="generated"/><div xmlns="http://www.w3.org/1999/xhtml"><ul><li>Include all codes defined in <a href="CodeSystem-AddressNotValidated.html"><code>https://standards.digital.health.nz/ns/nhi-address-not-validated-reason-code</code></a></li></ul></div>
  </text>
  <url value="https://nzhts.digital.health.nz/fhir/ValueSet/address-not-validated-reason-code"/>
  <version value="0.10.0"/>
  <name value="AddressNotValidatedReason"/>
  <title value="Address Not Validated reason"/>
  <status value="active"/>
  <date value="2022-03-03T21:28:01+00:00"/>
  <publisher value="David Hay"/>
  <contact>
    <name value="David Hay"/>
    <telecom>
      <system value="email"/>
      <value value="mailto:david.hay25@gmail.com"/>
    </telecom>
  </contact>
  <description value="The reason why the address was not validated"/>
  <compose>
    <include>
      <system value="https://standards.digital.health.nz/ns/nhi-address-not-validated-reason-code"/>
    </include>
  </compose>
</ValueSet>