<?xml version="1.0" encoding="UTF-8"?>

<ValueSet xmlns="http://hl7.org/fhir">
  <id value="dhb"/>
  <text>
    <status value="generated"/><div xmlns="http://www.w3.org/1999/xhtml"><p>This value set includes codes based on the following rules:</p><ul/></div>
  </text>
  <url value="https://nzhts.digital.health.nz/fhir/ValueSet/dhb-code"/>
  <version value="0.11.0 snapshot"/>
  <name value="DHBCode"/>
  <title value="DHB codes"/>
  <status value="active"/>
  <date value="2022-03-31T00:38:19+00:00"/>
  <publisher value="Ministry of Health"/>
  <contact>
    <name value="Ministry of Health"/>
    <telecom>
      <system value="email"/>
      <value value="mailto:integration@health.govt.nz"/>
    </telecom>
  </contact>
  <description value="District Health Board codes"/>
</ValueSet>