{
  "resourceType": "ValueSet",
  "id": "nhi-country",
  "text": {
    "status": "generated",
    "div": "<div xmlns=\"http://www.w3.org/1999/xhtml\"><p>This value set includes codes based on the following rules:</p><ul/></div>"
  },
  "url": "https://nzhts.digital.health.nz/fhir/ValueSet/country-code",
  "version": "0.1.0",
  "name": "NhiCountryCode",
  "title": "Country codes",
  "status": "active",
  "date": "2022-02-02T22:35:22+00:00",
  "publisher": "David Hay",
  "contact": [
    {
      "name": "David Hay",
      "telecom": [
        {
          "system": "email",
          "value": "mailto:david.hay25@gmail.com"
        }
      ]
    }
  ],
  "description": "Country codes used by  NHI"
}