{
  "resourceType": "ValueSet",
  "id": "country-of-birth-information-source",
  "text": {
    "status": "generated",
    "div": "<div xmlns=\"http://www.w3.org/1999/xhtml\"><ul><li>Include all codes defined in <a href=\"CodeSystem-information-source.html\"><code>https://nzhts.digital.health.nz/ns/information-source-code</code></a></li></ul></div>"
  },
  "url": "https://nzhts.digital.health.nz/fhir/ValueSet/country-of-birth-source-code",
  "version": "0.1.0",
  "name": "CountryOfBirthSource",
  "title": "Country Of Birth Information Source",
  "status": "active",
  "date": "2022-02-09T00:08:56+00:00",
  "publisher": "David Hay",
  "contact": [
    {
      "name": "David Hay",
      "telecom": [
        {
          "system": "email",
          "value": "mailto:david.hay25@gmail.com"
        }
      ]
    }
  ],
  "description": "The source from which the country of birth information was obtained",
  "compose": {
    "include": [
      {
        "system": "https://nzhts.digital.health.nz/ns/information-source-code"
      }
    ]
  }
}