{
  "resourceType": "ValueSet",
  "id": "nz-residency-information-source",
  "text": {
    "status": "generated",
    "div": "<div xmlns=\"http://www.w3.org/1999/xhtml\"><ul><li>Include all codes defined in <a href=\"https://simplifier.net/resolve?scope=hl7.org.nz.fhir.ig.base@0.9.0&amp;canonical=https://standards.digital.health.nz/ns/information-source-code\"><code>https://standards.digital.health.nz/ns/information-source-code</code></a></li></ul></div>"
  },
  "url": "https://nzhts.digital.health.nz/fhir/ValueSet/nz-citizenship-source-code",
  "version": "0.1.0",
  "name": "NzResidencyInformationSource",
  "title": "NZ Residency Information Source",
  "status": "active",
  "date": "2022-02-21T00:37:06+00:00",
  "publisher": "David Hay",
  "contact": [
    {
      "name": "David Hay",
      "telecom": [
        {
          "system": "email",
          "value": "mailto:david.hay25@gmail.com"
        }
      ]
    }
  ],
  "description": "The source from which the NZ residency information was obtained",
  "compose": {
    "include": [
      {
        "system": "https://standards.digital.health.nz/ns/information-source-code"
      }
    ]
  }
}