{
  "resourceType": "CodeSystem",
  "id": "pho-status",
  "text": {
    "status": "generated",
    "div": "<div xmlns=\"http://www.w3.org/1999/xhtml\"><p>This code system https://standards.digital.health.nz/ns/pho-code defines the following codes:</p><table class=\"codes\"><tr><td style=\"white-space:nowrap\"><b>Code</b></td><td><b>Display</b></td></tr><tr><td style=\"white-space:nowrap\">G04587-F<a name=\"pho-status-G04587-F\"> </a></td><td>Alliance Health Plus Trust</td></tr><tr><td style=\"white-space:nowrap\">G05487-G<a name=\"pho-status-G05487-G\"> </a></td><td>Auckland PHO Limited</td></tr><tr><td style=\"white-space:nowrap\">G05491-J<a name=\"pho-status-G05491-J\"> </a></td><td>Christchurch PHO</td></tr><tr><td style=\"white-space:nowrap\">G02384-D<a name=\"pho-status-G02384-D\"> </a></td><td>Central Primary Health Organisation</td></tr><tr><td style=\"white-space:nowrap\">G00755-C<a name=\"pho-status-G00755-C\"> </a></td><td>Compass Health</td></tr><tr><td style=\"white-space:nowrap\">G05272-H<a name=\"pho-status-G05272-H\"> </a></td><td>Comprehensive Care PHO Limited</td></tr><tr><td style=\"white-space:nowrap\">G05493-B<a name=\"pho-status-G05493-B\"> </a></td><td>Cosine Primary Care Network Trust</td></tr><tr><td style=\"white-space:nowrap\">G05495-F<a name=\"pho-status-G05495-F\"> </a></td><td>Eastern Bay Primary Health Alliance</td></tr><tr><td style=\"white-space:nowrap\">G05494-D<a name=\"pho-status-G05494-D\"> </a></td><td>East Health Trust Board</td></tr><tr><td style=\"white-space:nowrap\">G09738-D<a name=\"pho-status-G09738-D\"> </a></td><td>Hauraki PHO</td></tr><tr><td style=\"white-space:nowrap\">G05498-A<a name=\"pho-status-G05498-A\"> </a></td><td>Health Hawke's Bay Limited</td></tr><tr><td style=\"white-space:nowrap\">G0F252-G<a name=\"pho-status-G0F252-G\"> </a></td><td>Te Kaupapa Mahitahi Hauora - Papa o Te Raki Trust</td></tr><tr><td style=\"white-space:nowrap\">G04639-K<a name=\"pho-status-G04639-K\"> </a></td><td>Marlborough PHO Trust</td></tr><tr><td style=\"white-space:nowrap\">G05484-A<a name=\"pho-status-G05484-A\"> </a></td><td>Midlands Health Network Limited</td></tr><tr><td style=\"white-space:nowrap\">G05507-J<a name=\"pho-status-G05507-J\"> </a></td><td>National Hauora Coalition Limited</td></tr><tr><td style=\"white-space:nowrap\">G05454-C<a name=\"pho-status-G05454-C\"> </a></td><td>Nelson Bays Primary Health Trust</td></tr><tr><td style=\"white-space:nowrap\">G00246-D<a name=\"pho-status-G00246-D\"> </a></td><td>Nga Mataapuna Oranga Limited</td></tr><tr><td style=\"white-space:nowrap\">G04805-A<a name=\"pho-status-G04805-A\"> </a></td><td>Ngati Porou Hauora Charitable Trust Board</td></tr><tr><td style=\"white-space:nowrap\">G04764-B<a name=\"pho-status-G04764-B\"> </a></td><td>Ora Toa PHO Limited</td></tr><tr><td style=\"white-space:nowrap\">G03310-B<a name=\"pho-status-G03310-B\"> </a></td><td>Pegasus Health (Charitable) Limited</td></tr><tr><td style=\"white-space:nowrap\">G05533-K<a name=\"pho-status-G05533-K\"> </a></td><td>Procare Networks Limited</td></tr><tr><td style=\"white-space:nowrap\">G08550-C<a name=\"pho-status-G08550-C\"> </a></td><td>Rotorua Area Primary Health Services Ltd</td></tr><tr><td style=\"white-space:nowrap\">G00886-G<a name=\"pho-status-G00886-G\"> </a></td><td>Rural Canterbury PHO Limited</td></tr><tr><td style=\"white-space:nowrap\">G00025-K<a name=\"pho-status-G00025-K\"> </a></td><td>South Canterbury Primary and Community</td></tr><tr><td style=\"white-space:nowrap\">G05589-D<a name=\"pho-status-G05589-D\"> </a></td><td>Te Awakairangi Health Network</td></tr><tr><td style=\"white-space:nowrap\">G05596-A<a name=\"pho-status-G05596-A\"> </a></td><td>Total Healthcare Charitable Trust</td></tr><tr><td style=\"white-space:nowrap\">G05569-J<a name=\"pho-status-G05569-J\"> </a></td><td>Wellsouth Primary Health Network</td></tr><tr><td style=\"white-space:nowrap\">G00039-K<a name=\"pho-status-G00039-K\"> </a></td><td>West Coast PHO</td></tr><tr><td style=\"white-space:nowrap\">G00507-F<a name=\"pho-status-G00507-F\"> </a></td><td>Western Bay of Plenty Primary Healthcare Organisation Limited</td></tr><tr><td style=\"white-space:nowrap\">G01220-B<a name=\"pho-status-G01220-B\"> </a></td><td>Whanganui Regional Health Network</td></tr></table></div>"
  },
  "url": "https://standards.digital.health.nz/ns/pho-code",
  "version": "1.0.0",
  "name": "PHO",
  "title": "PHO",
  "status": "active",
  "date": "2022-07-19T14:50:28+12:00",
  "publisher": "HL7 New Zealand",
  "contact": [
    {
      "name": "HL7 New Zealand",
      "telecom": [
        {
          "system": "email",
          "value": "mailto:admin@hl7.org.nz"
        }
      ]
    }
  ],
  "description": "Primary Healthcare Organization",
  "content": "complete",
  "count": 30,
  "concept": [
    {
      "code": "G04587-F",
      "display": "Alliance Health Plus Trust"
    },
    {
      "code": "G05487-G",
      "display": "Auckland PHO Limited"
    },
    {
      "code": "G05491-J",
      "display": "Christchurch PHO"
    },
    {
      "code": "G02384-D",
      "display": "Central Primary Health Organisation"
    },
    {
      "code": "G00755-C",
      "display": "Compass Health"
    },
    {
      "code": "G05272-H",
      "display": "Comprehensive Care PHO Limited"
    },
    {
      "code": "G05493-B",
      "display": "Cosine Primary Care Network Trust"
    },
    {
      "code": "G05495-F",
      "display": "Eastern Bay Primary Health Alliance"
    },
    {
      "code": "G05494-D",
      "display": "East Health Trust Board"
    },
    {
      "code": "G09738-D",
      "display": "Hauraki PHO"
    },
    {
      "code": "G05498-A",
      "display": "Health Hawke's Bay Limited"
    },
    {
      "code": "G0F252-G",
      "display": "Te Kaupapa Mahitahi Hauora - Papa o Te Raki Trust"
    },
    {
      "code": "G04639-K",
      "display": "Marlborough PHO Trust"
    },
    {
      "code": "G05484-A",
      "display": "Midlands Health Network Limited"
    },
    {
      "code": "G05507-J",
      "display": "National Hauora Coalition Limited"
    },
    {
      "code": "G05454-C",
      "display": "Nelson Bays Primary Health Trust"
    },
    {
      "code": "G00246-D",
      "display": "Nga Mataapuna Oranga Limited"
    },
    {
      "code": "G04805-A",
      "display": "Ngati Porou Hauora Charitable Trust Board"
    },
    {
      "code": "G04764-B",
      "display": "Ora Toa PHO Limited"
    },
    {
      "code": "G03310-B",
      "display": "Pegasus Health (Charitable) Limited"
    },
    {
      "code": "G05533-K",
      "display": "Procare Networks Limited"
    },
    {
      "code": "G08550-C",
      "display": "Rotorua Area Primary Health Services Ltd"
    },
    {
      "code": "G00886-G",
      "display": "Rural Canterbury PHO Limited"
    },
    {
      "code": "G00025-K",
      "display": "South Canterbury Primary and Community"
    },
    {
      "code": "G05589-D",
      "display": "Te Awakairangi Health Network"
    },
    {
      "code": "G05596-A",
      "display": "Total Healthcare Charitable Trust"
    },
    {
      "code": "G05569-J",
      "display": "Wellsouth Primary Health Network"
    },
    {
      "code": "G00039-K",
      "display": "West Coast PHO"
    },
    {
      "code": "G00507-F",
      "display": "Western Bay of Plenty Primary Healthcare Organisation Limited"
    },
    {
      "code": "G01220-B",
      "display": "Whanganui Regional Health Network"
    }
  ]
}