{
  "resourceType": "CodeSystem",
  "id": "nz-residency-status",
  "text": {
    "status": "generated",
    "div": "<div xmlns=\"http://www.w3.org/1999/xhtml\"><p>This code system https://standards.digital.health.nz/ns/nz-residency-status-code defines the following codes:</p><table class=\"codes\"><tr><td style=\"white-space:nowrap\"><b>Code</b></td><td><b>Display</b></td></tr><tr><td style=\"white-space:nowrap\">Y<a name=\"nz-residency-status-Y\"> </a></td><td>Yes</td></tr><tr><td style=\"white-space:nowrap\">N<a name=\"nz-residency-status-N\"> </a></td><td>No</td></tr><tr><td style=\"white-space:nowrap\">U<a name=\"nz-residency-status-U\"> </a></td><td>Unknown</td></tr></table></div>"
  },
  "url": "https://standards.digital.health.nz/ns/nz-residency-status-code",
  "version": "1.0.0",
  "name": "NZResidencyStatus",
  "title": "NZ Residency status",
  "status": "active",
  "date": "2022-07-19T14:50:28+12:00",
  "publisher": "HL7 New Zealand",
  "contact": [
    {
      "name": "HL7 New Zealand",
      "telecom": [
        {
          "system": "email",
          "value": "mailto:admin@hl7.org.nz"
        }
      ]
    }
  ],
  "description": "NZ Residency status",
  "content": "complete",
  "count": 3,
  "concept": [
    {
      "code": "Y",
      "display": "Yes"
    },
    {
      "code": "N",
      "display": "No"
    },
    {
      "code": "U",
      "display": "Unknown"
    }
  ]
}