{
  "resourceType": "CodeSystem",
  "id": "scopeOfPractice",
  "text": {
    "status": "generated",
    "div": "<div xmlns=\"http://www.w3.org/1999/xhtml\"><p>This code system https://standards.digital.health.nz/ns/practitioner-scope-of-practice-code defines the following codes:</p><table class=\"codes\"><tr><td style=\"white-space:nowrap\"><b>Code</b></td><td><b>Display</b></td></tr><tr><td style=\"white-space:nowrap\">CHIR<a name=\"scopeOfPractice-CHIR\"> </a></td><td>Chiropractor</td></tr><tr><td style=\"white-space:nowrap\">DEAA<a name=\"scopeOfPractice-DEAA\"> </a></td><td>Administering Local Anaesthetic in Dental Hygiene Practice</td></tr><tr><td style=\"white-space:nowrap\">DEAC<a name=\"scopeOfPractice-DEAC\"> </a></td><td>Adult Care in Dental Therapy Practice</td></tr><tr><td style=\"white-space:nowrap\">DECD<a name=\"scopeOfPractice-DECD\"> </a></td><td>Clinical Dental Technology Practice</td></tr><tr><td style=\"white-space:nowrap\">DEDA<a name=\"scopeOfPractice-DEDA\"> </a></td><td>Dental Auxiliary Practice</td></tr><tr><td style=\"white-space:nowrap\">DEDH<a name=\"scopeOfPractice-DEDH\"> </a></td><td>Dental Hygiene Practice</td></tr><tr><td style=\"white-space:nowrap\">DEDR<a name=\"scopeOfPractice-DEDR\"> </a></td><td>Diagnostic Radiography in Dental Therapy Practice</td></tr><tr><td style=\"white-space:nowrap\">DEDT<a name=\"scopeOfPractice-DEDT\"> </a></td><td>Dental Technology Practice</td></tr><tr><td style=\"white-space:nowrap\">DEEN<a name=\"scopeOfPractice-DEEN\"> </a></td><td>Endodontic Specialists</td></tr><tr><td style=\"white-space:nowrap\">DEEO<a name=\"scopeOfPractice-DEEO\"> </a></td><td>Extra Oral Radiography Practice in Dental Hygiene, Dental Auxiliary and Orthodontic Auxiliary Practice</td></tr><tr><td style=\"white-space:nowrap\">DEGD<a name=\"scopeOfPractice-DEGD\"> </a></td><td>General Dental Therapy Practice</td></tr><tr><td style=\"white-space:nowrap\">DEIA<a name=\"scopeOfPractice-DEIA\"> </a></td><td>Implant over dentures in clinical dental technology practice</td></tr><tr><td style=\"white-space:nowrap\">DEIO<a name=\"scopeOfPractice-DEIO\"> </a></td><td>Intra Oral Radiography in Dental Hygiene, Dental Auxiliary and Orthodontic Auxiliary Practice</td></tr><tr><td style=\"white-space:nowrap\">DENT<a name=\"scopeOfPractice-DENT\"> </a></td><td>General Dental Practice</td></tr><tr><td style=\"white-space:nowrap\">DEOA<a name=\"scopeOfPractice-DEOA\"> </a></td><td>Orthodontic Auxiliary Practice</td></tr><tr><td style=\"white-space:nowrap\">DEOM<a name=\"scopeOfPractice-DEOM\"> </a></td><td>Oral Medicine Specialists</td></tr><tr><td style=\"white-space:nowrap\">DEOP<a name=\"scopeOfPractice-DEOP\"> </a></td><td>Oral Pathology Specialists</td></tr><tr><td style=\"white-space:nowrap\">DEOR<a name=\"scopeOfPractice-DEOR\"> </a></td><td>Oral and Maxillofacial Surgery Specialists</td></tr><tr><td style=\"white-space:nowrap\">DEOS<a name=\"scopeOfPractice-DEOS\"> </a></td><td>Oral Surgery Specialists</td></tr><tr><td style=\"white-space:nowrap\">DEPA<a name=\"scopeOfPractice-DEPA\"> </a></td><td>Paediatric Dentistry Specialists</td></tr><tr><td style=\"white-space:nowrap\">DEPD<a name=\"scopeOfPractice-DEPD\"> </a></td><td>Pulpotomies in Dental Therapy Practice</td></tr><tr><td style=\"white-space:nowrap\">DEPE<a name=\"scopeOfPractice-DEPE\"> </a></td><td>Periodontic Specialists</td></tr><tr><td style=\"white-space:nowrap\">DEPH<a name=\"scopeOfPractice-DEPH\"> </a></td><td>Public Health Dentistry (or Community Dentistry) Specialists</td></tr><tr><td style=\"white-space:nowrap\">DEPS<a name=\"scopeOfPractice-DEPS\"> </a></td><td>Prosthodontic Specialists</td></tr><tr><td style=\"white-space:nowrap\">DERD<a name=\"scopeOfPractice-DERD\"> </a></td><td>Radiography in Dental Therapy Practice</td></tr><tr><td style=\"white-space:nowrap\">DERE<a name=\"scopeOfPractice-DERE\"> </a></td><td>Restorative Dentistry Specialists</td></tr><tr><td style=\"white-space:nowrap\">DESN<a name=\"scopeOfPractice-DESN\"> </a></td><td>Special Needs Dentistry Specialists</td></tr><tr><td style=\"white-space:nowrap\">DESP<a name=\"scopeOfPractice-DESP\"> </a></td><td>Orthodontic Specialists</td></tr><tr><td style=\"white-space:nowrap\">DESS<a name=\"scopeOfPractice-DESS\"> </a></td><td>Stainless Steel Crowns in Dental Therapy Practice</td></tr><tr><td style=\"white-space:nowrap\">DEUO<a name=\"scopeOfPractice-DEUO\"> </a></td><td>Undertaking Orthodontic Procedures in Dental Hygiene Practice</td></tr><tr><td style=\"white-space:nowrap\">DIET<a name=\"scopeOfPractice-DIET\"> </a></td><td>Dietitian</td></tr><tr><td style=\"white-space:nowrap\">LTAT<a name=\"scopeOfPractice-LTAT\"> </a></td><td>Anaesthetic Technician</td></tr><tr><td style=\"white-space:nowrap\">LTPA<a name=\"scopeOfPractice-LTPA\"> </a></td><td>Medical Laboratory Pre-Analytical Technician</td></tr><tr><td style=\"white-space:nowrap\">LTLS<a name=\"scopeOfPractice-LTLS\"> </a></td><td>Medical Laboratory Scientist</td></tr><tr><td style=\"white-space:nowrap\">LTLT<a name=\"scopeOfPractice-LTLT\"> </a></td><td>Medical Laboratory Technician</td></tr><tr><td style=\"white-space:nowrap\">MCAM<a name=\"scopeOfPractice-MCAM\"> </a></td><td>Vocational Scope of Accident and Medical Practice</td></tr><tr><td style=\"white-space:nowrap\">MCAN<a name=\"scopeOfPractice-MCAN\"> </a></td><td>Vocational Scope of Anaesthesia</td></tr><tr><td style=\"white-space:nowrap\">MCAP<a name=\"scopeOfPractice-MCAP\"> </a></td><td>Vocational Scope of Pain Medicine</td></tr><tr><td style=\"white-space:nowrap\">MCBM<a name=\"scopeOfPractice-MCBM\"> </a></td><td>Vocational Scope of Breast Medicine</td></tr><tr><td style=\"white-space:nowrap\">MCCG<a name=\"scopeOfPractice-MCCG\"> </a></td><td>Vocational Scope of Clinical Genetics</td></tr><tr><td style=\"white-space:nowrap\">MCCS<a name=\"scopeOfPractice-MCCS\"> </a></td><td>Vocational Scope of Cardiothoracic Surgery</td></tr><tr><td style=\"white-space:nowrap\">MCDE<a name=\"scopeOfPractice-MCDE\"> </a></td><td>Vocational Scope of Dermatology</td></tr><tr><td style=\"white-space:nowrap\">MCDI<a name=\"scopeOfPractice-MCDI\"> </a></td><td>Vocational Scope of Diagnostic and Interventional Radiology</td></tr><tr><td style=\"white-space:nowrap\">MCEM<a name=\"scopeOfPractice-MCEM\"> </a></td><td>Vocational Scope of Emergency Medicine</td></tr><tr><td style=\"white-space:nowrap\">MCFP<a name=\"scopeOfPractice-MCFP\"> </a></td><td>Vocational Scope of Family Planning/Reproductive Health</td></tr><tr><td style=\"white-space:nowrap\">MCGE<a name=\"scopeOfPractice-MCGE\"> </a></td><td>General Scope of Practice</td></tr><tr><td style=\"white-space:nowrap\">MCGP<a name=\"scopeOfPractice-MCGP\"> </a></td><td>Vocational Scope of General Practice</td></tr><tr><td style=\"white-space:nowrap\">MCGS<a name=\"scopeOfPractice-MCGS\"> </a></td><td>Vocational Scope of General Surgery</td></tr><tr><td style=\"white-space:nowrap\">MCIC<a name=\"scopeOfPractice-MCIC\"> </a></td><td>Vocational Scope of Intensive Care Medicine</td></tr><tr><td style=\"white-space:nowrap\">MCIM<a name=\"scopeOfPractice-MCIM\"> </a></td><td>Vocational Scope of Internal Medicine</td></tr><tr><td style=\"white-space:nowrap\">MCMA<a name=\"scopeOfPractice-MCMA\"> </a></td><td>Vocational Scope of Medical Administration</td></tr><tr><td style=\"white-space:nowrap\">MCMM<a name=\"scopeOfPractice-MCMM\"> </a></td><td>Vocational Scope of Musculoskeletal Medicine</td></tr><tr><td style=\"white-space:nowrap\">MCNS<a name=\"scopeOfPractice-MCNS\"> </a></td><td>Vocational Scope of Neurosurgery</td></tr><tr><td style=\"white-space:nowrap\">MCOG<a name=\"scopeOfPractice-MCOG\"> </a></td><td>Vocational Scope of Obstetrics and Gynaecology</td></tr><tr><td style=\"white-space:nowrap\">MCOH<a name=\"scopeOfPractice-MCOH\"> </a></td><td>Vocational Scope of Otolaryngology Head and Neck Surgery</td></tr><tr><td style=\"white-space:nowrap\">MCOM<a name=\"scopeOfPractice-MCOM\"> </a></td><td>Vocational Scope of Occupational Medicine</td></tr><tr><td style=\"white-space:nowrap\">MCOP<a name=\"scopeOfPractice-MCOP\"> </a></td><td>Vocational Scope of Ophthalmology</td></tr><tr><td style=\"white-space:nowrap\">MCOR<a name=\"scopeOfPractice-MCOR\"> </a></td><td>Vocational Scope of Oral and Maxillofacial Surgery</td></tr><tr><td style=\"white-space:nowrap\">MCOS<a name=\"scopeOfPractice-MCOS\"> </a></td><td>Vocational Scope of Orthopaedic Surgery</td></tr><tr><td style=\"white-space:nowrap\">MCPA<a name=\"scopeOfPractice-MCPA\"> </a></td><td>Vocational Scope of Pathology</td></tr><tr><td style=\"white-space:nowrap\">MCPE<a name=\"scopeOfPractice-MCPE\"> </a></td><td>Vocational Scope of Paediatrics</td></tr><tr><td style=\"white-space:nowrap\">MCPG<a name=\"scopeOfPractice-MCPG\"> </a></td><td>Provisional General Scope of Practice</td></tr><tr><td style=\"white-space:nowrap\">MCPH<a name=\"scopeOfPractice-MCPH\"> </a></td><td>Vocational Scope of Public Health Medicine</td></tr><tr><td style=\"white-space:nowrap\">MCPM<a name=\"scopeOfPractice-MCPM\"> </a></td><td>Vocational Scope of Palliative Medicine</td></tr><tr><td style=\"white-space:nowrap\">MCPR<a name=\"scopeOfPractice-MCPR\"> </a></td><td>Vocational Scope of Plastic and Reconstructive Surgery</td></tr><tr><td style=\"white-space:nowrap\">MCPS<a name=\"scopeOfPractice-MCPS\"> </a></td><td>Vocational Scope of Paediatric Surgery</td></tr><tr><td style=\"white-space:nowrap\">MCPV<a name=\"scopeOfPractice-MCPV\"> </a></td><td>Provisional Vocational Scope of Practice</td></tr><tr><td style=\"white-space:nowrap\">MCPY<a name=\"scopeOfPractice-MCPY\"> </a></td><td>Vocational Scope of Psychiatry</td></tr><tr><td style=\"white-space:nowrap\">MCRH<a name=\"scopeOfPractice-MCRH\"> </a></td><td>Vocational Scope of Rural Hospital Medicine</td></tr><tr><td style=\"white-space:nowrap\">MCRM<a name=\"scopeOfPractice-MCRM\"> </a></td><td>Vocational Scope of Rehabilitation Medicine</td></tr><tr><td style=\"white-space:nowrap\">MCRO<a name=\"scopeOfPractice-MCRO\"> </a></td><td>Vocational Scope of Radiation Oncology</td></tr><tr><td style=\"white-space:nowrap\">MCSH<a name=\"scopeOfPractice-MCSH\"> </a></td><td>Vocational Scope of Sexual Health Medicine</td></tr><tr><td style=\"white-space:nowrap\">MCSM<a name=\"scopeOfPractice-MCSM\"> </a></td><td>Vocational Scope of Sports Medicine</td></tr><tr><td style=\"white-space:nowrap\">MCSP<a name=\"scopeOfPractice-MCSP\"> </a></td><td>Special Purpose Scope of Practice</td></tr><tr><td style=\"white-space:nowrap\">MCTR<a name=\"scopeOfPractice-MCTR\"> </a></td><td>Medical Council Temporary Registration</td></tr><tr><td style=\"white-space:nowrap\">MCUR<a name=\"scopeOfPractice-MCUR\"> </a></td><td>Vocational Scope of Urology</td></tr><tr><td style=\"white-space:nowrap\">MCVO<a name=\"scopeOfPractice-MCVO\"> </a></td><td>Vocational Scope of Practice</td></tr><tr><td style=\"white-space:nowrap\">MCVS<a name=\"scopeOfPractice-MCVS\"> </a></td><td>Vocational Scope of Vascular Surgery</td></tr><tr><td style=\"white-space:nowrap\">MWIF<a name=\"scopeOfPractice-MWIF\"> </a></td><td>Midwife</td></tr><tr><td style=\"white-space:nowrap\">NCEN<a name=\"scopeOfPractice-NCEN\"> </a></td><td>Enrolled Nurse</td></tr><tr><td style=\"white-space:nowrap\">NCNA<a name=\"scopeOfPractice-NCNA\"> </a></td><td>Nurse Assistant</td></tr><tr><td style=\"white-space:nowrap\">NCNP<a name=\"scopeOfPractice-NCNP\"> </a></td><td>Nurse Practitioner</td></tr><tr><td style=\"white-space:nowrap\">NCRN<a name=\"scopeOfPractice-NCRN\"> </a></td><td>Registered Nurse</td></tr><tr><td style=\"white-space:nowrap\">OCCT<a name=\"scopeOfPractice-OCCT\"> </a></td><td>Occupational Therapist</td></tr><tr><td style=\"white-space:nowrap\">OPDI<a name=\"scopeOfPractice-OPDI\"> </a></td><td>Optical Dispensing (Dispensing Optician)</td></tr><tr><td style=\"white-space:nowrap\">OPED<a name=\"scopeOfPractice-OPED\"> </a></td><td>Educator in Optometry (Educator Optometrist)</td></tr><tr><td style=\"white-space:nowrap\">OPET<a name=\"scopeOfPractice-OPET\"> </a></td><td>Educator in Optometry (TPA Endorsement) (Educator Optometrist with Therapeutic Pharmaceutical Agents (TPA) Endorsement)</td></tr><tr><td style=\"white-space:nowrap\">OPTE<a name=\"scopeOfPractice-OPTE\"> </a></td><td>Optometry (TPA Endorsement) (Optometrist with Therapeutic Pharmaceutical Agents (TPA) Endorsement)</td></tr><tr><td style=\"white-space:nowrap\">OPTP<a name=\"scopeOfPractice-OPTP\"> </a></td><td>Optometry (Optometrist)</td></tr><tr><td style=\"white-space:nowrap\">OSTE<a name=\"scopeOfPractice-OSTE\"> </a></td><td>Osteopath</td></tr><tr><td style=\"white-space:nowrap\">PHAR<a name=\"scopeOfPractice-PHAR\"> </a></td><td>Pharmacist</td></tr><tr><td style=\"white-space:nowrap\">PHIN<a name=\"scopeOfPractice-PHIN\"> </a></td><td>Intern Pharmacist</td></tr><tr><td style=\"white-space:nowrap\">PHPP<a name=\"scopeOfPractice-PHPP\"> </a></td><td>Pharmacist Prescriber</td></tr><tr><td style=\"white-space:nowrap\">PHSO<a name=\"scopeOfPractice-PHSO\"> </a></td><td>Physiotherapist</td></tr><tr><td style=\"white-space:nowrap\">PODI<a name=\"scopeOfPractice-PODI\"> </a></td><td>Podiatrist</td></tr><tr><td style=\"white-space:nowrap\">PODP<a name=\"scopeOfPractice-PODP\"> </a></td><td>Podiatric Prescriber</td></tr><tr><td style=\"white-space:nowrap\">PODR<a name=\"scopeOfPractice-PODR\"> </a></td><td>Podiatric Radiographic Imager</td></tr><tr><td style=\"white-space:nowrap\">PODS<a name=\"scopeOfPractice-PODS\"> </a></td><td>Podiatric Surgeon</td></tr><tr><td style=\"white-space:nowrap\">POVD<a name=\"scopeOfPractice-POVD\"> </a></td><td>Visiting Podiatrist Educator/Presenter</td></tr><tr><td style=\"white-space:nowrap\">PSCE<a name=\"scopeOfPractice-PSCE\"> </a></td><td>Clinical and Educational</td></tr><tr><td style=\"white-space:nowrap\">PSCL<a name=\"scopeOfPractice-PSCL\"> </a></td><td>Clinical Psychologist</td></tr><tr><td style=\"white-space:nowrap\">PSCO<a name=\"scopeOfPractice-PSCO\"> </a></td><td>Counselling Psychologist</td></tr><tr><td style=\"white-space:nowrap\">PSED<a name=\"scopeOfPractice-PSED\"> </a></td><td>Educational Psychologist</td></tr><tr><td style=\"white-space:nowrap\">PSIT<a name=\"scopeOfPractice-PSIT\"> </a></td><td>Trainee or Intern Psychologist</td></tr><tr><td style=\"white-space:nowrap\">PSYC<a name=\"scopeOfPractice-PSYC\"> </a></td><td>Psychologist</td></tr><tr><td style=\"white-space:nowrap\">RTMR<a name=\"scopeOfPractice-RTMR\"> </a></td><td>Magnetic Resonance Technologist</td></tr><tr><td style=\"white-space:nowrap\">RTMS<a name=\"scopeOfPractice-RTMS\"> </a></td><td>Sonographer</td></tr><tr><td style=\"white-space:nowrap\">RTMT<a name=\"scopeOfPractice-RTMT\"> </a></td><td>Nuclear Medicine Technologist</td></tr><tr><td style=\"white-space:nowrap\">RTRT<a name=\"scopeOfPractice-RTRT\"> </a></td><td>Radiation Therapist</td></tr><tr><td style=\"white-space:nowrap\">RTTE<a name=\"scopeOfPractice-RTTE\"> </a></td><td>Medical Radiation Technologist</td></tr><tr><td style=\"white-space:nowrap\">RTTM<a name=\"scopeOfPractice-RTTM\"> </a></td><td>Trainee Magnetic Resonance Imaging (MRI) Technologist</td></tr><tr><td style=\"white-space:nowrap\">RTTN<a name=\"scopeOfPractice-RTTN\"> </a></td><td>Trainee Nuclear Medicine Technologist</td></tr><tr><td style=\"white-space:nowrap\">RTTS<a name=\"scopeOfPractice-RTTS\"> </a></td><td>Trainee Sonographer</td></tr></table></div>"
  },
  "url": "https://standards.digital.health.nz/ns/practitioner-scope-of-practice-code",
  "version": "1.0.0",
  "name": "ScopeOfPractice",
  "title": "Scope of practice",
  "status": "active",
  "date": "2022-07-19T14:50:28+12:00",
  "publisher": "HL7 New Zealand",
  "contact": [
    {
      "name": "HL7 New Zealand",
      "telecom": [
        {
          "system": "email",
          "value": "mailto:admin@hl7.org.nz"
        }
      ]
    }
  ],
  "description": "A classification of the type or range of health services that a practitioner is authorised to provide, as determined by the Responsible Authority or other statutory authority (e.g. PHARMAC), that is, what the practitioner can or cannot do. It includes Scope of Practice as defined by the Health Practitioners Competence Assurance Act 2003, any special authorisations granted, and any conditions or limitations imposed by the Responsible Authority.",
  "jurisdiction": [
    {
      "coding": [
        {
          "system": "urn:iso:std:iso:3166",
          "code": "NZ"
        }
      ]
    }
  ],
  "content": "complete",
  "count": 113,
  "concept": [
    {
      "code": "CHIR",
      "display": "Chiropractor"
    },
    {
      "code": "DEAA",
      "display": "Administering Local Anaesthetic in Dental Hygiene Practice"
    },
    {
      "code": "DEAC",
      "display": "Adult Care in Dental Therapy Practice"
    },
    {
      "code": "DECD",
      "display": "Clinical Dental Technology Practice"
    },
    {
      "code": "DEDA",
      "display": "Dental Auxiliary Practice"
    },
    {
      "code": "DEDH",
      "display": "Dental Hygiene Practice"
    },
    {
      "code": "DEDR",
      "display": "Diagnostic Radiography in Dental Therapy Practice"
    },
    {
      "code": "DEDT",
      "display": "Dental Technology Practice"
    },
    {
      "code": "DEEN",
      "display": "Endodontic Specialists"
    },
    {
      "code": "DEEO",
      "display": "Extra Oral Radiography Practice in Dental Hygiene, Dental Auxiliary and Orthodontic Auxiliary Practice"
    },
    {
      "code": "DEGD",
      "display": "General Dental Therapy Practice"
    },
    {
      "code": "DEIA",
      "display": "Implant over dentures in clinical dental technology practice"
    },
    {
      "code": "DEIO",
      "display": "Intra Oral Radiography in Dental Hygiene, Dental Auxiliary and Orthodontic Auxiliary Practice"
    },
    {
      "code": "DENT",
      "display": "General Dental Practice"
    },
    {
      "code": "DEOA",
      "display": "Orthodontic Auxiliary Practice"
    },
    {
      "code": "DEOM",
      "display": "Oral Medicine Specialists"
    },
    {
      "code": "DEOP",
      "display": "Oral Pathology Specialists"
    },
    {
      "code": "DEOR",
      "display": "Oral and Maxillofacial Surgery Specialists"
    },
    {
      "code": "DEOS",
      "display": "Oral Surgery Specialists"
    },
    {
      "code": "DEPA",
      "display": "Paediatric Dentistry Specialists"
    },
    {
      "code": "DEPD",
      "display": "Pulpotomies in Dental Therapy Practice"
    },
    {
      "code": "DEPE",
      "display": "Periodontic Specialists"
    },
    {
      "code": "DEPH",
      "display": "Public Health Dentistry (or Community Dentistry) Specialists"
    },
    {
      "code": "DEPS",
      "display": "Prosthodontic Specialists"
    },
    {
      "code": "DERD",
      "display": "Radiography in Dental Therapy Practice"
    },
    {
      "code": "DERE",
      "display": "Restorative Dentistry Specialists"
    },
    {
      "code": "DESN",
      "display": "Special Needs Dentistry Specialists"
    },
    {
      "code": "DESP",
      "display": "Orthodontic Specialists"
    },
    {
      "code": "DESS",
      "display": "Stainless Steel Crowns in Dental Therapy Practice"
    },
    {
      "code": "DEUO",
      "display": "Undertaking Orthodontic Procedures in Dental Hygiene Practice"
    },
    {
      "code": "DIET",
      "display": "Dietitian"
    },
    {
      "code": "LTAT",
      "display": "Anaesthetic Technician"
    },
    {
      "code": "LTPA",
      "display": "Medical Laboratory Pre-Analytical Technician"
    },
    {
      "code": "LTLS",
      "display": "Medical Laboratory Scientist"
    },
    {
      "code": "LTLT",
      "display": "Medical Laboratory Technician"
    },
    {
      "code": "MCAM",
      "display": "Vocational Scope of Accident and Medical Practice"
    },
    {
      "code": "MCAN",
      "display": "Vocational Scope of Anaesthesia"
    },
    {
      "code": "MCAP",
      "display": "Vocational Scope of Pain Medicine"
    },
    {
      "code": "MCBM",
      "display": "Vocational Scope of Breast Medicine"
    },
    {
      "code": "MCCG",
      "display": "Vocational Scope of Clinical Genetics"
    },
    {
      "code": "MCCS",
      "display": "Vocational Scope of Cardiothoracic Surgery"
    },
    {
      "code": "MCDE",
      "display": "Vocational Scope of Dermatology"
    },
    {
      "code": "MCDI",
      "display": "Vocational Scope of Diagnostic and Interventional Radiology"
    },
    {
      "code": "MCEM",
      "display": "Vocational Scope of Emergency Medicine"
    },
    {
      "code": "MCFP",
      "display": "Vocational Scope of Family Planning/Reproductive Health"
    },
    {
      "code": "MCGE",
      "display": "General Scope of Practice"
    },
    {
      "code": "MCGP",
      "display": "Vocational Scope of General Practice"
    },
    {
      "code": "MCGS",
      "display": "Vocational Scope of General Surgery"
    },
    {
      "code": "MCIC",
      "display": "Vocational Scope of Intensive Care Medicine"
    },
    {
      "code": "MCIM",
      "display": "Vocational Scope of Internal Medicine"
    },
    {
      "code": "MCMA",
      "display": "Vocational Scope of Medical Administration"
    },
    {
      "code": "MCMM",
      "display": "Vocational Scope of Musculoskeletal Medicine"
    },
    {
      "code": "MCNS",
      "display": "Vocational Scope of Neurosurgery"
    },
    {
      "code": "MCOG",
      "display": "Vocational Scope of Obstetrics and Gynaecology"
    },
    {
      "code": "MCOH",
      "display": "Vocational Scope of Otolaryngology Head and Neck Surgery"
    },
    {
      "code": "MCOM",
      "display": "Vocational Scope of Occupational Medicine"
    },
    {
      "code": "MCOP",
      "display": "Vocational Scope of Ophthalmology"
    },
    {
      "code": "MCOR",
      "display": "Vocational Scope of Oral and Maxillofacial Surgery"
    },
    {
      "code": "MCOS",
      "display": "Vocational Scope of Orthopaedic Surgery"
    },
    {
      "code": "MCPA",
      "display": "Vocational Scope of Pathology"
    },
    {
      "code": "MCPE",
      "display": "Vocational Scope of Paediatrics"
    },
    {
      "code": "MCPG",
      "display": "Provisional General Scope of Practice"
    },
    {
      "code": "MCPH",
      "display": "Vocational Scope of Public Health Medicine"
    },
    {
      "code": "MCPM",
      "display": "Vocational Scope of Palliative Medicine"
    },
    {
      "code": "MCPR",
      "display": "Vocational Scope of Plastic and Reconstructive Surgery"
    },
    {
      "code": "MCPS",
      "display": "Vocational Scope of Paediatric Surgery"
    },
    {
      "code": "MCPV",
      "display": "Provisional Vocational Scope of Practice"
    },
    {
      "code": "MCPY",
      "display": "Vocational Scope of Psychiatry"
    },
    {
      "code": "MCRH",
      "display": "Vocational Scope of Rural Hospital Medicine"
    },
    {
      "code": "MCRM",
      "display": "Vocational Scope of Rehabilitation Medicine"
    },
    {
      "code": "MCRO",
      "display": "Vocational Scope of Radiation Oncology"
    },
    {
      "code": "MCSH",
      "display": "Vocational Scope of Sexual Health Medicine"
    },
    {
      "code": "MCSM",
      "display": "Vocational Scope of Sports Medicine"
    },
    {
      "code": "MCSP",
      "display": "Special Purpose Scope of Practice"
    },
    {
      "code": "MCTR",
      "display": "Medical Council Temporary Registration"
    },
    {
      "code": "MCUR",
      "display": "Vocational Scope of Urology"
    },
    {
      "code": "MCVO",
      "display": "Vocational Scope of Practice"
    },
    {
      "code": "MCVS",
      "display": "Vocational Scope of Vascular Surgery"
    },
    {
      "code": "MWIF",
      "display": "Midwife"
    },
    {
      "code": "NCEN",
      "display": "Enrolled Nurse"
    },
    {
      "code": "NCNA",
      "display": "Nurse Assistant"
    },
    {
      "code": "NCNP",
      "display": "Nurse Practitioner"
    },
    {
      "code": "NCRN",
      "display": "Registered Nurse"
    },
    {
      "code": "OCCT",
      "display": "Occupational Therapist"
    },
    {
      "code": "OPDI",
      "display": "Optical Dispensing (Dispensing Optician)"
    },
    {
      "code": "OPED",
      "display": "Educator in Optometry (Educator Optometrist)"
    },
    {
      "code": "OPET",
      "display": "Educator in Optometry (TPA Endorsement) (Educator Optometrist with Therapeutic Pharmaceutical Agents (TPA) Endorsement)"
    },
    {
      "code": "OPTE",
      "display": "Optometry (TPA Endorsement) (Optometrist with Therapeutic Pharmaceutical Agents (TPA) Endorsement)"
    },
    {
      "code": "OPTP",
      "display": "Optometry (Optometrist)"
    },
    {
      "code": "OSTE",
      "display": "Osteopath"
    },
    {
      "code": "PHAR",
      "display": "Pharmacist"
    },
    {
      "code": "PHIN",
      "display": "Intern Pharmacist"
    },
    {
      "code": "PHPP",
      "display": "Pharmacist Prescriber"
    },
    {
      "code": "PHSO",
      "display": "Physiotherapist"
    },
    {
      "code": "PODI",
      "display": "Podiatrist"
    },
    {
      "code": "PODP",
      "display": "Podiatric Prescriber"
    },
    {
      "code": "PODR",
      "display": "Podiatric Radiographic Imager"
    },
    {
      "code": "PODS",
      "display": "Podiatric Surgeon"
    },
    {
      "code": "POVD",
      "display": "Visiting Podiatrist Educator/Presenter"
    },
    {
      "code": "PSCE",
      "display": "Clinical and Educational"
    },
    {
      "code": "PSCL",
      "display": "Clinical Psychologist"
    },
    {
      "code": "PSCO",
      "display": "Counselling Psychologist"
    },
    {
      "code": "PSED",
      "display": "Educational Psychologist"
    },
    {
      "code": "PSIT",
      "display": "Trainee or Intern Psychologist"
    },
    {
      "code": "PSYC",
      "display": "Psychologist"
    },
    {
      "code": "RTMR",
      "display": "Magnetic Resonance Technologist"
    },
    {
      "code": "RTMS",
      "display": "Sonographer"
    },
    {
      "code": "RTMT",
      "display": "Nuclear Medicine Technologist"
    },
    {
      "code": "RTRT",
      "display": "Radiation Therapist"
    },
    {
      "code": "RTTE",
      "display": "Medical Radiation Technologist"
    },
    {
      "code": "RTTM",
      "display": "Trainee Magnetic Resonance Imaging (MRI) Technologist"
    },
    {
      "code": "RTTN",
      "display": "Trainee Nuclear Medicine Technologist"
    },
    {
      "code": "RTTS",
      "display": "Trainee Sonographer"
    }
  ]
}