{
  "resourceType": "Patient",
  "id": "patient-address-building-name",
  "text": {
    "status": "generated",
    "div": "<div xmlns=\"http://www.w3.org/1999/xhtml\"><p><b>John Doe</b> male, DoB: 1998-01-01</p></div>"
  },
  "extension": [
    {
      "url": "http://hl7.org.nz/fhir/StructureDefinition/dhb",
      "valueCodeableConcept": {
        "coding": [
          {
            "system": "https://standards.digital.health.nz/ns/dhb-code",
            "code": "G00026-A",
            "display": "Northland"
          }
        ]
      }
    }
  ],
  "name": [
    {
      "text": "John Doe",
      "family": "Doe",
      "given": [
        "John"
      ]
    }
  ],
  "gender": "male",
  "birthDate": "1998-01-01",
  "address": [
    {
      "extension": [
        {
          "url": "http://hl7.org.nz/fhir/StructureDefinition/building-name",
          "valueString": "Big Red Shed"
        }
      ],
      "line": [
        "23 thule st"
      ],
      "country": "NZL"
    }
  ]
}