<?xml version="1.0" encoding="UTF-8"?>

<Patient xmlns="http://hl7.org/fhir">
  <id value="patient-building-name"/>
  <text>
    <status value="generated"/><div xmlns="http://www.w3.org/1999/xhtml"><p><b>John Doe</b> male, DoB: 1998-01-01</p></div>
  </text>
  <name>
    <text value="John Doe"/>
    <family value="Doe"/>
    <given value="John"/>
  </name>
  <gender value="male"/>
  <birthDate value="1998-01-01"/>
  <address>
    <extension url="http://hl7.org.nz/fhir/StructureDefinition/building-name">
      <valueString value="Big blue building"/>
    </extension>
    <line value="23 thule st"/>
    <city value="Waipu"/>
  </address>
</Patient>