{
  "resourceType": "Patient",
  "id": "patient-domicile-code",
  "text": {
    "status": "generated",
    "div": "<div xmlns=\"http://www.w3.org/1999/xhtml\"><p><b>John Doe</b> male, DoB: 1998-01-01</p></div>"
  },
  "extension": [
    {
      "url": "http://hl7.org.nz/fhir/StructureDefinition/domicile-code",
      "valueCodeableConcept": {
        "coding": [
          {
            "system": "https://standards.digital.health.nz/ns/domicile-code",
            "code": "0040",
            "display": "Waipu"
          }
        ]
      }
    }
  ],
  "name": [
    {
      "text": "John Doe",
      "family": "Doe",
      "given": [
        "John"
      ]
    }
  ],
  "gender": "male",
  "birthDate": "1998-01-01"
}