<?xml version="1.0" encoding="UTF-8"?>

<Patient xmlns="http://hl7.org/fhir">
  <id value="patient-sex-at-birth"/>
  <text>
    <status value="generated"/><div xmlns="http://www.w3.org/1999/xhtml"><p><b>John Doe</b> male, DoB: 1998-01-01</p></div>
  </text>
  <extension url="http://hl7.org.nz/fhir/StructureDefinition/sex-at-birth">
    <valueCodeableConcept>
      <coding>
        <system value="http://hl7.org/fhir/administrative-gender"/>
        <code value="female"/>
      </coding>
    </valueCodeableConcept>
  </extension>
  <name>
    <text value="John Doe"/>
    <family value="Doe"/>
    <given value="John"/>
  </name>
  <gender value="male"/>
  <birthDate value="1998-01-01"/>
</Patient>