{
  "resourceType": "Practitioner",
  "id": "practitioner-additional-authorisation",
  "text": {
    "status": "generated",
    "div": "<div xmlns=\"http://www.w3.org/1999/xhtml\"><p><b>Generated Narrative</b></p><div style=\"display: inline-block; background-color: #d9e0e7; padding: 6px; margin: 4px; border: 1px solid #8da1b4; border-radius: 5px; line-height: 60%\"><p style=\"margin-bottom: 0px\">Resource \"practitioner-additional-authorisation\" </p></div><p><b>name</b>: John Doe</p><p><b>gender</b>: male</p><p><b>birthDate</b>: 1998-01-01</p><h3>Qualifications</h3><table class=\"grid\"><tr><td>-</td><td><b>Extension</b></td><td><b>Code</b></td></tr><tr><td>*</td><td></td><td>Bachelor of Science <span style=\"background: LightGoldenRodYellow; margin: 4px; border: 1px solid khaki\"> (<a href=\"http://terminology.hl7.org/3.1.0/CodeSystem-v2-0360.html\">degreeLicenseCertificate</a>#BS)</span></td></tr></table></div>"
  },
  "name": [
    {
      "text": "John Doe",
      "family": "Doe",
      "given": [
        "John"
      ]
    }
  ],
  "gender": "male",
  "birthDate": "1998-01-01",
  "qualification": [
    {
      "extension": [
        {
          "extension": [
            {
              "url": "code",
              "valueCodeableConcept": {
                "coding": [
                  {
                    "system": "https://standards.digital.health.nz/ns/practitioner-additional-authorisation-code",
                    "code": "IMMU",
                    "display": "Immunisation"
                  }
                ]
              }
            },
            {
              "url": "period",
              "valuePeriod": {
                "start": "2022-01-01"
              }
            }
          ],
          "url": "http://hl7.org.nz/fhir/StructureDefinition/additional-authorisation"
        }
      ],
      "code": {
        "coding": [
          {
            "system": "http://terminology.hl7.org/CodeSystem/v2-0360",
            "code": "BS"
          }
        ]
      }
    }
  ]
}