{
  "package": "fhir.org.nz.ig.base",
  "version": "1.0.0",
  "fhirVersion": "4.0.1",
  "extensions": [
    {
      "url": "http://hl7.org.nz/fhir/StructureDefinition/adHocDate",
      "title": "AdHocDate",
      "types": [
        "date"
      ]
    },
    {
      "url": "http://hl7.org.nz/fhir/StructureDefinition/additional-authorisation",
      "title": "AdditionalAuthorisation",
      "types": [
        "CodeableConcept",
        "CodeableConcept",
        "Period",
        "base64Binary",
        "boolean",
        "canonical",
        "code",
        "date",
        "dateTime",
        "decimal",
        "id",
        "instant",
        "integer",
        "markdown",
        "oid",
        "positiveInt",
        "string",
        "time",
        "unsignedInt",
        "uri",
        "url",
        "uuid",
        "Address",
        "Age",
        "Annotation",
        "Attachment",
        "CodeableConcept",
        "Coding",
        "ContactPoint",
        "Count",
        "Distance",
        "Duration",
        "HumanName",
        "Identifier",
        "Money",
        "Period",
        "Quantity",
        "Range",
        "Ratio",
        "Reference",
        "SampledData",
        "Signature",
        "Timing",
        "ContactDetail",
        "Contributor",
        "DataRequirement",
        "Expression",
        "ParameterDefinition",
        "RelatedArtifact",
        "TriggerDefinition",
        "UsageContext",
        "Dosage",
        "Meta"
      ]
    },
    {
      "url": "http://hl7.org.nz/fhir/StructureDefinition/alias-type",
      "title": "AliasType",
      "types": [
        "CodeableConcept",
        "CodeableConcept"
      ]
    },
    {
      "url": "http://hl7.org.nz/fhir/StructureDefinition/building-name",
      "title": "Building Name",
      "types": [
        "string"
      ]
    },
    {
      "url": "http://hl7.org.nz/fhir/StructureDefinition/condition-on-practice",
      "title": "ConditionOnPractice",
      "types": [
        "string",
        "Period",
        "base64Binary",
        "boolean",
        "canonical",
        "code",
        "date",
        "dateTime",
        "decimal",
        "id",
        "instant",
        "integer",
        "markdown",
        "oid",
        "positiveInt",
        "string",
        "time",
        "unsignedInt",
        "uri",
        "url",
        "uuid",
        "Address",
        "Age",
        "Annotation",
        "Attachment",
        "CodeableConcept",
        "Coding",
        "ContactPoint",
        "Count",
        "Distance",
        "Duration",
        "HumanName",
        "Identifier",
        "Money",
        "Period",
        "Quantity",
        "Range",
        "Ratio",
        "Reference",
        "SampledData",
        "Signature",
        "Timing",
        "ContactDetail",
        "Contributor",
        "DataRequirement",
        "Expression",
        "ParameterDefinition",
        "RelatedArtifact",
        "TriggerDefinition",
        "UsageContext",
        "Dosage",
        "Meta"
      ]
    },
    {
      "url": "http://hl7.org.nz/fhir/StructureDefinition/contactpoint-purpose",
      "title": "A specific purpose for which this ContactPoint would be used",
      "types": [
        "CodeableConcept"
      ]
    },
    {
      "url": "http://hl7.org.nz/fhir/StructureDefinition/death-date",
      "title": "Date of death",
      "types": [
        "dateTime",
        "CodeableConcept",
        "CodeableConcept",
        "base64Binary",
        "boolean",
        "canonical",
        "code",
        "date",
        "dateTime",
        "decimal",
        "id",
        "instant",
        "integer",
        "markdown",
        "oid",
        "positiveInt",
        "string",
        "time",
        "unsignedInt",
        "uri",
        "url",
        "uuid",
        "Address",
        "Age",
        "Annotation",
        "Attachment",
        "CodeableConcept",
        "Coding",
        "ContactPoint",
        "Count",
        "Distance",
        "Duration",
        "HumanName",
        "Identifier",
        "Money",
        "Period",
        "Quantity",
        "Range",
        "Ratio",
        "Reference",
        "SampledData",
        "Signature",
        "Timing",
        "ContactDetail",
        "Contributor",
        "DataRequirement",
        "Expression",
        "ParameterDefinition",
        "RelatedArtifact",
        "TriggerDefinition",
        "UsageContext",
        "Dosage",
        "Meta"
      ]
    },
    {
      "url": "http://hl7.org.nz/fhir/StructureDefinition/dhb",
      "title": "District Health Board linked to a NZ Healthcare Service, Location or Patient",
      "types": [
        "CodeableConcept"
      ]
    },
    {
      "url": "http://hl7.org.nz/fhir/StructureDefinition/domicile-code",
      "title": "NZ Domicile Code",
      "types": [
        "CodeableConcept",
        "CodeableConcept"
      ]
    },
    {
      "url": "http://hl7.org.nz/fhir/StructureDefinition/edi-address",
      "title": "EDI Address",
      "types": [
        "string"
      ]
    },
    {
      "url": "http://hl7.org.nz/fhir/StructureDefinition/educational-qualification",
      "title": "EducationalQualification",
      "types": [
        "string",
        "string",
        "date",
        "string",
        "string",
        "string",
        "base64Binary",
        "boolean",
        "canonical",
        "code",
        "date",
        "dateTime",
        "decimal",
        "id",
        "instant",
        "integer",
        "markdown",
        "oid",
        "positiveInt",
        "string",
        "time",
        "unsignedInt",
        "uri",
        "url",
        "uuid",
        "Address",
        "Age",
        "Annotation",
        "Attachment",
        "CodeableConcept",
        "Coding",
        "ContactPoint",
        "Count",
        "Distance",
        "Duration",
        "HumanName",
        "Identifier",
        "Money",
        "Period",
        "Quantity",
        "Range",
        "Ratio",
        "Reference",
        "SampledData",
        "Signature",
        "Timing",
        "ContactDetail",
        "Contributor",
        "DataRequirement",
        "Expression",
        "ParameterDefinition",
        "RelatedArtifact",
        "TriggerDefinition",
        "UsageContext",
        "Dosage",
        "Meta"
      ]
    },
    {
      "url": "http://hl7.org.nz/fhir/StructureDefinition/established",
      "title": "Established",
      "types": [
        "Period"
      ]
    },
    {
      "url": "http://hl7.org.nz/fhir/StructureDefinition/funded-programme",
      "title": "Funded Healthcare Programme",
      "types": [
        "CodeableConcept",
        "CodeableConcept",
        "boolean",
        "string",
        "base64Binary",
        "boolean",
        "canonical",
        "code",
        "date",
        "dateTime",
        "decimal",
        "id",
        "instant",
        "integer",
        "markdown",
        "oid",
        "positiveInt",
        "string",
        "time",
        "unsignedInt",
        "uri",
        "url",
        "uuid",
        "Address",
        "Age",
        "Annotation",
        "Attachment",
        "CodeableConcept",
        "Coding",
        "ContactPoint",
        "Count",
        "Distance",
        "Duration",
        "HumanName",
        "Identifier",
        "Money",
        "Period",
        "Quantity",
        "Range",
        "Ratio",
        "Reference",
        "SampledData",
        "Signature",
        "Timing",
        "ContactDetail",
        "Contributor",
        "DataRequirement",
        "Expression",
        "ParameterDefinition",
        "RelatedArtifact",
        "TriggerDefinition",
        "UsageContext",
        "Dosage",
        "Meta"
      ]
    },
    {
      "url": "http://hl7.org.nz/fhir/StructureDefinition/information-source",
      "title": "Information Source",
      "types": [
        "CodeableConcept",
        "CodeableConcept"
      ]
    },
    {
      "url": "http://hl7.org.nz/fhir/StructureDefinition/long-term-condition",
      "title": "Long Term Condition Indicator",
      "types": [
        "boolean"
      ]
    },
    {
      "url": "http://hl7.org.nz/fhir/StructureDefinition/nz-citizenship",
      "title": "NZ Citizenship",
      "types": [
        "CodeableConcept",
        "CodeableConcept",
        "CodeableConcept",
        "CodeableConcept",
        "base64Binary",
        "boolean",
        "canonical",
        "code",
        "date",
        "dateTime",
        "decimal",
        "id",
        "instant",
        "integer",
        "markdown",
        "oid",
        "positiveInt",
        "string",
        "time",
        "unsignedInt",
        "uri",
        "url",
        "uuid",
        "Address",
        "Age",
        "Annotation",
        "Attachment",
        "CodeableConcept",
        "Coding",
        "ContactPoint",
        "Count",
        "Distance",
        "Duration",
        "HumanName",
        "Identifier",
        "Money",
        "Period",
        "Quantity",
        "Range",
        "Ratio",
        "Reference",
        "SampledData",
        "Signature",
        "Timing",
        "ContactDetail",
        "Contributor",
        "DataRequirement",
        "Expression",
        "ParameterDefinition",
        "RelatedArtifact",
        "TriggerDefinition",
        "UsageContext",
        "Dosage",
        "Meta"
      ]
    },
    {
      "url": "http://hl7.org.nz/fhir/StructureDefinition/nz-ethnicity",
      "title": "NZ Ethnicity",
      "types": [
        "CodeableConcept",
        "CodeableConcept"
      ]
    },
    {
      "url": "http://hl7.org.nz/fhir/StructureDefinition/nz-geocode",
      "title": "NZ Geocode",
      "types": [
        "decimal",
        "decimal",
        "base64Binary",
        "boolean",
        "canonical",
        "code",
        "date",
        "dateTime",
        "decimal",
        "id",
        "instant",
        "integer",
        "markdown",
        "oid",
        "positiveInt",
        "string",
        "time",
        "unsignedInt",
        "uri",
        "url",
        "uuid",
        "Address",
        "Age",
        "Annotation",
        "Attachment",
        "CodeableConcept",
        "Coding",
        "ContactPoint",
        "Count",
        "Distance",
        "Duration",
        "HumanName",
        "Identifier",
        "Money",
        "Period",
        "Quantity",
        "Range",
        "Ratio",
        "Reference",
        "SampledData",
        "Signature",
        "Timing",
        "ContactDetail",
        "Contributor",
        "DataRequirement",
        "Expression",
        "ParameterDefinition",
        "RelatedArtifact",
        "TriggerDefinition",
        "UsageContext",
        "Dosage",
        "Meta"
      ]
    },
    {
      "url": "http://hl7.org.nz/fhir/StructureDefinition/nzeps-long-term-medication",
      "title": "NZePS Long Term Medication Indicator",
      "types": [
        "boolean"
      ]
    },
    {
      "url": "http://hl7.org.nz/fhir/StructureDefinition/nzeps-supply-period-reason",
      "title": "NZePS Supply Period Reason",
      "types": [
        "string"
      ]
    },
    {
      "url": "http://hl7.org.nz/fhir/StructureDefinition/nzeps-unusual-dose-quantity",
      "title": "NZePS Unusual Dose Quantity Indicator",
      "types": [
        "boolean"
      ]
    },
    {
      "url": "http://hl7.org.nz/fhir/StructureDefinition/pho",
      "title": "Primary Healthcare Organisation linked to a NZ Healthcare Service, Location or Patient",
      "types": [
        "CodeableConcept"
      ]
    },
    {
      "url": "http://hl7.org.nz/fhir/StructureDefinition/practitionerRole-creator",
      "title": "PractitionerRoleCreator",
      "types": [
        "Reference",
        "Reference",
        "base64Binary",
        "boolean",
        "canonical",
        "code",
        "date",
        "dateTime",
        "decimal",
        "id",
        "instant",
        "integer",
        "markdown",
        "oid",
        "positiveInt",
        "string",
        "time",
        "unsignedInt",
        "uri",
        "url",
        "uuid",
        "Address",
        "Age",
        "Annotation",
        "Attachment",
        "CodeableConcept",
        "Coding",
        "ContactPoint",
        "Count",
        "Distance",
        "Duration",
        "HumanName",
        "Identifier",
        "Money",
        "Period",
        "Quantity",
        "Range",
        "Ratio",
        "Reference",
        "SampledData",
        "Signature",
        "Timing",
        "ContactDetail",
        "Contributor",
        "DataRequirement",
        "Expression",
        "ParameterDefinition",
        "RelatedArtifact",
        "TriggerDefinition",
        "UsageContext",
        "Dosage",
        "Meta"
      ]
    },
    {
      "url": "http://hl7.org.nz/fhir/StructureDefinition/practitionerRole-status-reason",
      "title": "PractitionerRoleStatusReason",
      "types": [
        "CodeableConcept",
        "CodeableConcept"
      ]
    },
    {
      "url": "http://hl7.org.nz/fhir/StructureDefinition/registration-initial-date",
      "title": "RegistrationInitialDate",
      "types": [
        "date"
      ]
    },
    {
      "url": "http://hl7.org.nz/fhir/StructureDefinition/registration-status-code",
      "title": "RegistrationStatusCode",
      "types": [
        "CodeableConcept",
        "CodeableConcept",
        "Period",
        "base64Binary",
        "boolean",
        "canonical",
        "code",
        "date",
        "dateTime",
        "decimal",
        "id",
        "instant",
        "integer",
        "markdown",
        "oid",
        "positiveInt",
        "string",
        "time",
        "unsignedInt",
        "uri",
        "url",
        "uuid",
        "Address",
        "Age",
        "Annotation",
        "Attachment",
        "CodeableConcept",
        "Coding",
        "ContactPoint",
        "Count",
        "Distance",
        "Duration",
        "HumanName",
        "Identifier",
        "Money",
        "Period",
        "Quantity",
        "Range",
        "Ratio",
        "Reference",
        "SampledData",
        "Signature",
        "Timing",
        "ContactDetail",
        "Contributor",
        "DataRequirement",
        "Expression",
        "ParameterDefinition",
        "RelatedArtifact",
        "TriggerDefinition",
        "UsageContext",
        "Dosage",
        "Meta"
      ]
    },
    {
      "url": "http://hl7.org.nz/fhir/StructureDefinition/scope-of-practice",
      "title": "ScopeOfPractice",
      "types": [
        "CodeableConcept",
        "CodeableConcept",
        "Period",
        "base64Binary",
        "boolean",
        "canonical",
        "code",
        "date",
        "dateTime",
        "decimal",
        "id",
        "instant",
        "integer",
        "markdown",
        "oid",
        "positiveInt",
        "string",
        "time",
        "unsignedInt",
        "uri",
        "url",
        "uuid",
        "Address",
        "Age",
        "Annotation",
        "Attachment",
        "CodeableConcept",
        "Coding",
        "ContactPoint",
        "Count",
        "Distance",
        "Duration",
        "HumanName",
        "Identifier",
        "Money",
        "Period",
        "Quantity",
        "Range",
        "Ratio",
        "Reference",
        "SampledData",
        "Signature",
        "Timing",
        "ContactDetail",
        "Contributor",
        "DataRequirement",
        "Expression",
        "ParameterDefinition",
        "RelatedArtifact",
        "TriggerDefinition",
        "UsageContext",
        "Dosage",
        "Meta"
      ]
    },
    {
      "url": "http://hl7.org.nz/fhir/StructureDefinition/sex-at-birth",
      "title": "Sex At Birth",
      "types": [
        "CodeableConcept",
        "CodeableConcept"
      ]
    },
    {
      "url": "http://hl7.org.nz/fhir/StructureDefinition/suburb",
      "title": "NZ Suburb",
      "types": [
        "string"
      ]
    }
  ],
  "profiles": {},
  "usage": {
    "http://hl7.org.nz/fhir/StructureDefinition/additional-authorisation": [
      "Practitioner.qualification"
    ],
    "http://hl7.org.nz/fhir/StructureDefinition/alias-type": [
      "Location.alias"
    ],
    "http://hl7.org.nz/fhir/StructureDefinition/building-name": [
      "Patient.address"
    ],
    "http://hl7.org.nz/fhir/StructureDefinition/condition-on-practice": [
      "Practitioner.qualification"
    ],
    "http://hl7.org.nz/fhir/StructureDefinition/death-date": [
      "Practitioner"
    ],
    "http://hl7.org.nz/fhir/StructureDefinition/dhb": [
      "Patient"
    ],
    "http://hl7.org.nz/fhir/StructureDefinition/domicile-code": [
      "Patient"
    ],
    "http://hl7.org.nz/fhir/StructureDefinition/edi-address": [
      "Organization.contact.telecom.system",
      "Practitioner.telecom.system"
    ],
    "http://hl7.org.nz/fhir/StructureDefinition/educational-qualification": [
      "Practitioner.qualification"
    ],
    "http://hl7.org.nz/fhir/StructureDefinition/established": [
      "Location"
    ],
    "http://hl7.org.nz/fhir/StructureDefinition/funded-programme": [
      "Organization"
    ],
    "http://hl7.org.nz/fhir/StructureDefinition/information-source": [
      "Patient.birthDate",
      "Patient.name"
    ],
    "http://hl7.org.nz/fhir/StructureDefinition/long-term-condition": [
      "Condition"
    ],
    "http://hl7.org.nz/fhir/StructureDefinition/nz-citizenship": [
      "Patient"
    ],
    "http://hl7.org.nz/fhir/StructureDefinition/nz-ethnicity": [
      "Patient"
    ],
    "http://hl7.org.nz/fhir/StructureDefinition/nz-geocode": [
      "Patient.address"
    ],
    "http://hl7.org.nz/fhir/StructureDefinition/nzeps-long-term-medication": [
      "MedicationRequest"
    ],
    "http://hl7.org.nz/fhir/StructureDefinition/nzeps-supply-period-reason": [
      "MedicationRequest"
    ],
    "http://hl7.org.nz/fhir/StructureDefinition/nzeps-unusual-dose-quantity": [
      "MedicationRequest"
    ],
    "http://hl7.org.nz/fhir/StructureDefinition/pho": [
      "Patient"
    ],
    "http://hl7.org.nz/fhir/StructureDefinition/practitionerRole-creator": [
      "PractitionerRole"
    ],
    "http://hl7.org.nz/fhir/StructureDefinition/practitionerRole-status-reason": [
      "PractitionerRole"
    ],
    "http://hl7.org.nz/fhir/StructureDefinition/registration-initial-date": [
      "Practitioner.qualification"
    ],
    "http://hl7.org.nz/fhir/StructureDefinition/registration-status-code": [
      "Practitioner.qualification"
    ],
    "http://hl7.org.nz/fhir/StructureDefinition/scope-of-practice": [
      "Practitioner.qualification"
    ],
    "http://hl7.org.nz/fhir/StructureDefinition/sex-at-birth": [
      "Patient"
    ],
    "http://hl7.org.nz/fhir/StructureDefinition/suburb": [
      "Patient.address"
    ],
    "http://hl7.org/fhir/StructureDefinition/structuredefinition-fhir-type": [
      "StructureDefinition.snapshot.element.type"
    ],
    "http://hl7.org/fhir/StructureDefinition/structuredefinition-fmm": [
      "StructureDefinition"
    ],
    "http://hl7.org/fhir/tools/StructureDefinition/ig-parameter": [
      "ImplementationGuide.definition"
    ],
    "http://hl7.org/fhir/tools/StructureDefinition/resource-information": [
      "ImplementationGuide.definition.resource"
    ]
  }
}