{
  "resourceType": "CodeSystem",
  "id": "practitioner-registration-status-code",
  "text": {
    "status": "generated",
    "div": "<div xmlns=\"http://www.w3.org/1999/xhtml\"><p>This code system <code>https://standards.digital.health.nz/ns/practitioner-registration-status-code</code> defines the following codes:</p><table class=\"codes\"><tr><td style=\"white-space:nowrap\"><b>Code</b></td><td><b>Display</b></td></tr><tr><td style=\"white-space:nowrap\">current<a name=\"practitioner-registration-status-code-current\"> </a></td><td>A provider who holds or is deemed to hold a current practising certificate.</td></tr><tr><td style=\"white-space:nowrap\">inactive<a name=\"practitioner-registration-status-code-inactive\"> </a></td><td>A provider who is not practising</td></tr><tr><td style=\"white-space:nowrap\">removed<a name=\"practitioner-registration-status-code-removed\"> </a></td><td>A provider who has been removed from the register – this includes voluntary removal, de-registration and deceased</td></tr><tr><td style=\"white-space:nowrap\">suspended<a name=\"practitioner-registration-status-code-suspended\"> </a></td><td>A provider who is suspended from practising by a Responsible Authority</td></tr></table></div>"
  },
  "url": "https://standards.digital.health.nz/ns/practitioner-registration-status-code",
  "version": "2.0",
  "name": "PractitionerRegistrationStatusCode",
  "title": "Registration Status of Practitioners",
  "status": "active",
  "date": "2022-10-06T22:45:00+00:00",
  "publisher": "HL7 New Zealand",
  "contact": [
    {
      "name": "HL7 New Zealand",
      "telecom": [
        {
          "system": "email",
          "value": "mailto:admin@hl7.org.nz"
        }
      ]
    }
  ],
  "description": "The code list represents the current practicing status of the Provider Person as per their registration with an RA.",
  "jurisdiction": [
    {
      "coding": [
        {
          "system": "urn:iso:std:iso:3166",
          "code": "NZ"
        }
      ]
    }
  ],
  "caseSensitive": true,
  "content": "complete",
  "count": 4,
  "concept": [
    {
      "code": "current",
      "display": "A provider who holds or is deemed to hold a current practising certificate."
    },
    {
      "code": "inactive",
      "display": "A provider who is not practising"
    },
    {
      "code": "removed",
      "display": "A provider who has been removed from the register – this includes voluntary removal, de-registration and deceased"
    },
    {
      "code": "suspended",
      "display": "A provider who is suspended from practising by a Responsible Authority"
    }
  ]
}