{
  "resourceType": "ValueSet",
  "id": "hpi-practitionerrole-status-reason",
  "text": {
    "status": "generated",
    "div": "<div xmlns=\"http://www.w3.org/1999/xhtml\"><ul><li>Include all codes defined in <a href=\"CodeSystem-hpi-practitionerRole-status-reason.html\"><code>https://standards.digital.health.nz/ns/hpi-practitioner-role-status-reason-code</code></a></li></ul></div>"
  },
  "url": "https://nzhts.digital.health.nz/fhir/ValueSet/hpi-practitioner-role-status-reason-code",
  "version": "1.0.0",
  "name": "PractitionerRoleStatusReason",
  "title": "PractitionerRole status reason",
  "status": "active",
  "date": "2022-10-10T18:45:58+00:00",
  "publisher": "HL7 New Zealand",
  "contact": [
    {
      "name": "HL7 New Zealand",
      "telecom": [
        {
          "system": "email",
          "value": "mailto:admin@hl7.org.nz"
        }
      ]
    }
  ],
  "description": "The reason for the current status of PractitionerRole",
  "jurisdiction": [
    {
      "coding": [
        {
          "system": "urn:iso:std:iso:3166",
          "code": "NZ"
        }
      ]
    }
  ],
  "compose": {
    "include": [
      {
        "system": "https://standards.digital.health.nz/ns/hpi-practitioner-role-status-reason-code"
      }
    ]
  }
}